category,source_tree,source_path,public_path,source_sha256,public_sha256,transformation
calibrated-gcamdata-xml,canonical-matrix,input/gcamdata/xml-brp7d8-cal/Ccoef.xml,input/gcamdata/xml-ai-data-center-calibrated/Ccoef.xml,ab9061357cd9ccf55bb6e4b7231fb52cefd84d3ed6f4a71c2c41e47aec1b3746,ab9061357cd9ccf55bb6e4b7231fb52cefd84d3ed6f4a71c2c41e47aec1b3746,byte-identical descriptive directory rename
calibrated-gcamdata-xml,canonical-matrix,input/gcamdata/xml-brp7d8-cal/Cstorage.xml,input/gcamdata/xml-ai-data-center-calibrated/Cstorage.xml,5d8090f83a72702ded1dd6eee6638039d94de05eaa4720de9ee7acc1e9aa2d23,5d8090f83a72702ded1dd6eee6638039d94de05eaa4720de9ee7acc1e9aa2d23,byte-identical descriptive directory rename
calibrated-gcamdata-xml,canonical-matrix,input/gcamdata/xml-brp7d8-cal/Cstorage_USA.xml,input/gcamdata/xml-ai-data-center-calibrated/Cstorage_USA.xml,801cc0f469ed67addf3d0f09229ea6df65b6d88b28c9fea314a7c878ccec853d,801cc0f469ed67addf3d0f09229ea6df65b6d88b28c9fea314a7c878ccec853d,byte-identical descriptive directory rename
calibrated-gcamdata-xml,canonical-matrix,input/gcamdata/xml-brp7d8-cal/EFW_WWtrt_coefs_SSP1.xml,input/gcamdata/xml-ai-data-center-calibrated/EFW_WWtrt_coefs_SSP1.xml,e3ba5d8e43f6947713c1a09c67bd3761ede5700da4abb797d217f8abe80e0201,e3ba5d8e43f6947713c1a09c67bd3761ede5700da4abb797d217f8abe80e0201,byte-identical descriptive directory rename
calibrated-gcamdata-xml,canonical-matrix,input/gcamdata/xml-brp7d8-cal/EFW_WWtrt_coefs_SSP2.xml,input/gcamdata/xml-ai-data-center-calibrated/EFW_WWtrt_coefs_SSP2.xml,ea0c1a993061cfabc7789529d7b650a60657acbb604b755bf58a19b172523b2c,ea0c1a993061cfabc7789529d7b650a60657acbb604b755bf58a19b172523b2c,byte-identical descriptive directory rename
calibrated-gcamdata-xml,canonical-matrix,input/gcamdata/xml-brp7d8-cal/EFW_WWtrt_coefs_SSP3.xml,input/gcamdata/xml-ai-data-center-calibrated/EFW_WWtrt_coefs_SSP3.xml,84869a9e25cfe6ebde0f602e9ab7da5099825f5173e3c7fec0c2ab2e9d5f6730,84869a9e25cfe6ebde0f602e9ab7da5099825f5173e3c7fec0c2ab2e9d5f6730,byte-identical descriptive directory rename
calibrated-gcamdata-xml,canonical-matrix,input/gcamdata/xml-brp7d8-cal/EFW_WWtrt_coefs_SSP4.xml,input/gcamdata/xml-ai-data-center-calibrated/EFW_WWtrt_coefs_SSP4.xml,4ae9792d4214066646d19315400179e5525fe55b50bc89157508dd450b2a7ec5,4ae9792d4214066646d19315400179e5525fe55b50bc89157508dd450b2a7ec5,byte-identical descriptive directory rename
calibrated-gcamdata-xml,canonical-matrix,input/gcamdata/xml-brp7d8-cal/EFW_WWtrt_coefs_SSP5.xml,input/gcamdata/xml-ai-data-center-calibrated/EFW_WWtrt_coefs_SSP5.xml,f891d54d83b10e344b2b4184d5616ca0037ffa194468148e1cf71b37b168f268,f891d54d83b10e344b2b4184d5616ca0037ffa194468148e1cf71b37b168f268,byte-identical descriptive directory rename
calibrated-gcamdata-xml,canonical-matrix,input/gcamdata/xml-brp7d8-cal/EFW_input_coefs.xml,input/gcamdata/xml-ai-data-center-calibrated/EFW_input_coefs.xml,fea00879bd2d33d70187419572859c371dd82d7535589c8b345c60f2c067b7dd,fea00879bd2d33d70187419572859c371dd82d7535589c8b345c60f2c067b7dd,byte-identical descriptive directory rename
calibrated-gcamdata-xml,canonical-matrix,input/gcamdata/xml-brp7d8-cal/EFW_irrigation.xml,input/gcamdata/xml-ai-data-center-calibrated/EFW_irrigation.xml,fc474a13a2b4463eaba88533df2ddfe60353d3094a5044aeedd28d424acc0517,fc474a13a2b4463eaba88533df2ddfe60353d3094a5044aeedd28d424acc0517,byte-identical descriptive directory rename
calibrated-gcamdata-xml,canonical-matrix,input/gcamdata/xml-brp7d8-cal/EFW_manufacturing.xml,input/gcamdata/xml-ai-data-center-calibrated/EFW_manufacturing.xml,93e4bbc0a55ddb59ed673130e0edfcc5b74eed1abb0a23c76e27cbfcba8238c8,93e4bbc0a55ddb59ed673130e0edfcc5b74eed1abb0a23c76e27cbfcba8238c8,byte-identical descriptive directory rename
calibrated-gcamdata-xml,canonical-matrix,input/gcamdata/xml-brp7d8-cal/EFW_municipal.xml,input/gcamdata/xml-ai-data-center-calibrated/EFW_municipal.xml,595ea87a18b3086c8701b7255e6e53690afcf241081ffde464e4500e6b9b3db2,595ea87a18b3086c8701b7255e6e53690afcf241081ffde464e4500e6b9b3db2,byte-identical descriptive directory rename
calibrated-gcamdata-xml,canonical-matrix,input/gcamdata/xml-brp7d8-cal/Fert_USA.xml,input/gcamdata/xml-ai-data-center-calibrated/Fert_USA.xml,6d3fd97a6c8245fafe6973e79d54d151279fc7f331e43ca58ae981a39e1996d0,6d3fd97a6c8245fafe6973e79d54d151279fc7f331e43ca58ae981a39e1996d0,byte-identical descriptive directory rename
calibrated-gcamdata-xml,canonical-matrix,input/gcamdata/xml-brp7d8-cal/HDDCDD_constdd_no_GCM.xml,input/gcamdata/xml-ai-data-center-calibrated/HDDCDD_constdd_no_GCM.xml,670469547dfc91137c29e4746c26f19e8346109c3c7917f8d611922e0bdceeba,670469547dfc91137c29e4746c26f19e8346109c3c7917f8d611922e0bdceeba,byte-identical descriptive directory rename
calibrated-gcamdata-xml,canonical-matrix,input/gcamdata/xml-brp7d8-cal/HDDCDD_constdds_USA.xml,input/gcamdata/xml-ai-data-center-calibrated/HDDCDD_constdds_USA.xml,b425dc79b30c4a76e17dee8fe75dac7c32c53cdd326c3496412bfc6e7915b857,b425dc79b30c4a76e17dee8fe75dac7c32c53cdd326c3496412bfc6e7915b857,byte-identical descriptive directory rename
calibrated-gcamdata-xml,canonical-matrix,input/gcamdata/xml-brp7d8-cal/MACC_TC_SSP1.xml,input/gcamdata/xml-ai-data-center-calibrated/MACC_TC_SSP1.xml,5488b69e115f04f5d54a3ee2f00b765db8b14cfa6c888712dcbfa6815ed094fd,5488b69e115f04f5d54a3ee2f00b765db8b14cfa6c888712dcbfa6815ed094fd,byte-identical descriptive directory rename
calibrated-gcamdata-xml,canonical-matrix,input/gcamdata/xml-brp7d8-cal/MACC_TC_SSP2.xml,input/gcamdata/xml-ai-data-center-calibrated/MACC_TC_SSP2.xml,3ab8368e04b0edcf8e6bb3f500a9e6181ccd0bbc7c66d8e38e6be5fcbbcb78b1,3ab8368e04b0edcf8e6bb3f500a9e6181ccd0bbc7c66d8e38e6be5fcbbcb78b1,byte-identical descriptive directory rename
calibrated-gcamdata-xml,canonical-matrix,input/gcamdata/xml-brp7d8-cal/MACC_TC_SSP5.xml,input/gcamdata/xml-ai-data-center-calibrated/MACC_TC_SSP5.xml,5488b69e115f04f5d54a3ee2f00b765db8b14cfa6c888712dcbfa6815ed094fd,5488b69e115f04f5d54a3ee2f00b765db8b14cfa6c888712dcbfa6815ed094fd,byte-identical descriptive directory rename
calibrated-gcamdata-xml,canonical-matrix,input/gcamdata/xml-brp7d8-cal/Off_road.xml,input/gcamdata/xml-ai-data-center-calibrated/Off_road.xml,6cd354ba49f4ba5f07cd3cd7e92e02060c98689a37806c56cb9bfa055da253aa,6cd354ba49f4ba5f07cd3cd7e92e02060c98689a37806c56cb9bfa055da253aa,byte-identical descriptive directory rename
calibrated-gcamdata-xml,canonical-matrix,input/gcamdata/xml-brp7d8-cal/ag_For_Past_bio_base_IRR_MGMT.xml,input/gcamdata/xml-ai-data-center-calibrated/ag_For_Past_bio_base_IRR_MGMT.xml,11ada6dcc2f7b65bc8c5be54a49033b664e9fa898d5d85ec1b1fa8a653c7900c,11ada6dcc2f7b65bc8c5be54a49033b664e9fa898d5d85ec1b1fa8a653c7900c,byte-identical descriptive directory rename
calibrated-gcamdata-xml,canonical-matrix,input/gcamdata/xml-brp7d8-cal/ag_an_demand_input.xml,input/gcamdata/xml-ai-data-center-calibrated/ag_an_demand_input.xml,5ff8439569abb429f6a4ea0e8247b93b02c2dd8ccfbebb27617159fae23659c3,5ff8439569abb429f6a4ea0e8247b93b02c2dd8ccfbebb27617159fae23659c3,byte-identical descriptive directory rename
calibrated-gcamdata-xml,canonical-matrix,input/gcamdata/xml-brp7d8-cal/ag_capital_tracking.xml,input/gcamdata/xml-ai-data-center-calibrated/ag_capital_tracking.xml,e61b00ed81387fbf471e93d97b50eb9b807139f2d288b132acde3de7873b2928,e61b00ed81387fbf471e93d97b50eb9b807139f2d288b132acde3de7873b2928,byte-identical descriptive directory rename
calibrated-gcamdata-xml,canonical-matrix,input/gcamdata/xml-brp7d8-cal/ag_cost_IRR_MGMT.xml,input/gcamdata/xml-ai-data-center-calibrated/ag_cost_IRR_MGMT.xml,e259f3a63930361720a0e0896313fb9b944ba61464f42fd8cca7e7f664225b0a,e259f3a63930361720a0e0896313fb9b944ba61464f42fd8cca7e7f664225b0a,byte-identical descriptive directory rename
calibrated-gcamdata-xml,canonical-matrix,input/gcamdata/xml-brp7d8-cal/ag_input_fert_MGMT.xml,input/gcamdata/xml-ai-data-center-calibrated/ag_input_fert_MGMT.xml,e1d7664db4cfa89fa167b4723ca63cb3607ddc87ecd63af231c74364efcaa21b,e1d7664db4cfa89fa167b4723ca63cb3607ddc87ecd63af231c74364efcaa21b,byte-identical descriptive directory rename
calibrated-gcamdata-xml,canonical-matrix,input/gcamdata/xml-brp7d8-cal/ag_input_laborcapital_IRR_MGMT.xml,input/gcamdata/xml-ai-data-center-calibrated/ag_input_laborcapital_IRR_MGMT.xml,f7d553131d112a9c25422b38964ac4dd55892385ae56b212d7a044d53b3c4199,f7d553131d112a9c25422b38964ac4dd55892385ae56b212d7a044d53b3c4199,byte-identical descriptive directory rename
calibrated-gcamdata-xml,canonical-matrix,input/gcamdata/xml-brp7d8-cal/ag_input_water_IRR_MGMT.xml,input/gcamdata/xml-ai-data-center-calibrated/ag_input_water_IRR_MGMT.xml,3bdc15c9f96eabbff23a46393bc323937295818d2f2f4596ec19c167c1770988,3bdc15c9f96eabbff23a46393bc323937295818d2f2f4596ec19c167c1770988,byte-identical descriptive directory rename
calibrated-gcamdata-xml,canonical-matrix,input/gcamdata/xml-brp7d8-cal/ag_land_prodchange_ref_IRR_MGMT.xml,input/gcamdata/xml-ai-data-center-calibrated/ag_land_prodchange_ref_IRR_MGMT.xml,fb90bc746998900fa8d8e232cebfb1c56a1c7884fe9b1272db04339411d64bf7,fb90bc746998900fa8d8e232cebfb1c56a1c7884fe9b1272db04339411d64bf7,byte-identical descriptive directory rename
calibrated-gcamdata-xml,canonical-matrix,input/gcamdata/xml-brp7d8-cal/ag_land_prodchange_ssp1_IRR_MGMT.xml,input/gcamdata/xml-ai-data-center-calibrated/ag_land_prodchange_ssp1_IRR_MGMT.xml,02b3b926ad1b131a60ff0ded108c2a810558c0136b5851ae883b98c3eae5876e,02b3b926ad1b131a60ff0ded108c2a810558c0136b5851ae883b98c3eae5876e,byte-identical descriptive directory rename
calibrated-gcamdata-xml,canonical-matrix,input/gcamdata/xml-brp7d8-cal/ag_land_prodchange_ssp2_IRR_MGMT.xml,input/gcamdata/xml-ai-data-center-calibrated/ag_land_prodchange_ssp2_IRR_MGMT.xml,69ac2ffb3a8b37bd82b1968256067f040c1f021a8dc327f24b2278820ea39fe4,69ac2ffb3a8b37bd82b1968256067f040c1f021a8dc327f24b2278820ea39fe4,byte-identical descriptive directory rename
calibrated-gcamdata-xml,canonical-matrix,input/gcamdata/xml-brp7d8-cal/ag_land_prodchange_ssp3_IRR_MGMT.xml,input/gcamdata/xml-ai-data-center-calibrated/ag_land_prodchange_ssp3_IRR_MGMT.xml,6077078c2a887e0f9d7ce49a8de670652f9f78e3be98ba0ec917c1f0dd16cb79,6077078c2a887e0f9d7ce49a8de670652f9f78e3be98ba0ec917c1f0dd16cb79,byte-identical descriptive directory rename
calibrated-gcamdata-xml,canonical-matrix,input/gcamdata/xml-brp7d8-cal/ag_land_prodchange_ssp4_IRR_MGMT.xml,input/gcamdata/xml-ai-data-center-calibrated/ag_land_prodchange_ssp4_IRR_MGMT.xml,b1e27245bd4c8ba334553a4b69f0405ae2847a5f911d43cd91b1825cb4677eac,b1e27245bd4c8ba334553a4b69f0405ae2847a5f911d43cd91b1825cb4677eac,byte-identical descriptive directory rename
calibrated-gcamdata-xml,canonical-matrix,input/gcamdata/xml-brp7d8-cal/ag_land_prodchange_ssp5_IRR_MGMT.xml,input/gcamdata/xml-ai-data-center-calibrated/ag_land_prodchange_ssp5_IRR_MGMT.xml,02b3b926ad1b131a60ff0ded108c2a810558c0136b5851ae883b98c3eae5876e,02b3b926ad1b131a60ff0ded108c2a810558c0136b5851ae883b98c3eae5876e,byte-identical descriptive directory rename
calibrated-gcamdata-xml,canonical-matrix,input/gcamdata/xml-brp7d8-cal/ag_storage.xml,input/gcamdata/xml-ai-data-center-calibrated/ag_storage.xml,ccc45c17260481ad6af86f5439b82e9ea8fa8bef2956fbdc532607a9404601ab,ccc45c17260481ad6af86f5439b82e9ea8fa8bef2956fbdc532607a9404601ab,byte-identical descriptive directory rename
calibrated-gcamdata-xml,canonical-matrix,input/gcamdata/xml-brp7d8-cal/ag_trade.xml,input/gcamdata/xml-ai-data-center-calibrated/ag_trade.xml,5f0195b7569b81d341cad8d0c04a86e7651d2615638df4f84dac86a0d409d62f,5f0195b7569b81d341cad8d0c04a86e7651d2615638df4f84dac86a0d409d62f,byte-identical descriptive directory rename
calibrated-gcamdata-xml,canonical-matrix,input/gcamdata/xml-brp7d8-cal/ai_chip_resource.xml,input/gcamdata/xml-ai-data-center-calibrated/ai_chip_resource.xml,13169c66beb6cb760d86f2d8cb59560b6184a01475d02e254a836a3224867d53,13169c66beb6cb760d86f2d8cb59560b6184a01475d02e254a836a3224867d53,byte-identical descriptive directory rename
calibrated-gcamdata-xml,canonical-matrix,input/gcamdata/xml-brp7d8-cal/ai_compute.xml,input/gcamdata/xml-ai-data-center-calibrated/ai_compute.xml,0849b781cd2f37967041b6e9ae3dd79ab670b4a72c1855000e0800115e9cddc1,0849b781cd2f37967041b6e9ae3dd79ab670b4a72c1855000e0800115e9cddc1,byte-identical descriptive directory rename
calibrated-gcamdata-xml,canonical-matrix,input/gcamdata/xml-brp7d8-cal/ai_compute_trade.xml,input/gcamdata/xml-ai-data-center-calibrated/ai_compute_trade.xml,143e68c345311376c887aa4f8d6467536fc1db583d9cbf9945a9007d840da134,143e68c345311376c887aa4f8d6467536fc1db583d9cbf9945a9007d840da134,byte-identical descriptive directory rename
calibrated-gcamdata-xml,canonical-matrix,input/gcamdata/xml-brp7d8-cal/all_aglu_emissions_IRR_MGMT.xml,input/gcamdata/xml-ai-data-center-calibrated/all_aglu_emissions_IRR_MGMT.xml,7b97684a0a51ee5608134d8b9bf62956d1f2e88eee6a9afa91272364ee54def5,7b97684a0a51ee5608134d8b9bf62956d1f2e88eee6a9afa91272364ee54def5,byte-identical descriptive directory rename
calibrated-gcamdata-xml,canonical-matrix,input/gcamdata/xml-brp7d8-cal/all_aglu_emissions_IRR_MGMT_MAC.xml,input/gcamdata/xml-ai-data-center-calibrated/all_aglu_emissions_IRR_MGMT_MAC.xml,e1fc1025383c4040278052b2b5ceffc3c5bd8915666bdd5e96736812cbcd9a0b,e1fc1025383c4040278052b2b5ceffc3c5bd8915666bdd5e96736812cbcd9a0b,byte-identical descriptive directory rename
calibrated-gcamdata-xml,canonical-matrix,input/gcamdata/xml-brp7d8-cal/all_energy_emissions.xml,input/gcamdata/xml-ai-data-center-calibrated/all_energy_emissions.xml,baec7946b22b707e67b6a300cf2b7f71e25fbae6089cface055416cc7aaddd07,baec7946b22b707e67b6a300cf2b7f71e25fbae6089cface055416cc7aaddd07,byte-identical descriptive directory rename
calibrated-gcamdata-xml,canonical-matrix,input/gcamdata/xml-brp7d8-cal/all_energy_emissions_MAC.xml,input/gcamdata/xml-ai-data-center-calibrated/all_energy_emissions_MAC.xml,52c258c7cab1130b4ae293aad618846686698f5b34ae8eb519c8661c7c61af88,52c258c7cab1130b4ae293aad618846686698f5b34ae8eb519c8661c7c61af88,byte-identical descriptive directory rename
calibrated-gcamdata-xml,canonical-matrix,input/gcamdata/xml-brp7d8-cal/all_fgas_emissions.xml,input/gcamdata/xml-ai-data-center-calibrated/all_fgas_emissions.xml,e83231d7d6a17144f73e039f4ea11e8e5d2a53a780ff9587ca34d94e1e86c891,e83231d7d6a17144f73e039f4ea11e8e5d2a53a780ff9587ca34d94e1e86c891,byte-identical descriptive directory rename
calibrated-gcamdata-xml,canonical-matrix,input/gcamdata/xml-brp7d8-cal/all_fgas_emissions_MAC.xml,input/gcamdata/xml-ai-data-center-calibrated/all_fgas_emissions_MAC.xml,6d8fa5bd05d429d3ba7ff1bea40c9766746fefdf150cc7cd90cdf3da5bd482e5,6d8fa5bd05d429d3ba7ff1bea40c9766746fefdf150cc7cd90cdf3da5bd482e5,byte-identical descriptive directory rename
calibrated-gcamdata-xml,canonical-matrix,input/gcamdata/xml-brp7d8-cal/all_protected_unmgd_emissions.xml,input/gcamdata/xml-ai-data-center-calibrated/all_protected_unmgd_emissions.xml,059773613178b3f1ae1c76ba28dfa866aec3d88f061e2100130e51da989b008e,059773613178b3f1ae1c76ba28dfa866aec3d88f061e2100130e51da989b008e,byte-identical descriptive directory rename
calibrated-gcamdata-xml,canonical-matrix,input/gcamdata/xml-brp7d8-cal/all_unmgd_emissions.xml,input/gcamdata/xml-ai-data-center-calibrated/all_unmgd_emissions.xml,14240b89e47dae12566e5c7431d0224762de2ab4f10a46afb44dbe6c96c8edc9,14240b89e47dae12566e5c7431d0224762de2ab4f10a46afb44dbe6c96c8edc9,byte-identical descriptive directory rename
calibrated-gcamdata-xml,canonical-matrix,input/gcamdata/xml-brp7d8-cal/aluminum.xml,input/gcamdata/xml-ai-data-center-calibrated/aluminum.xml,e2a8383f127f5e75a975802de3e9f5f1d1f7098780b26059c4f992ae9b98346a,e2a8383f127f5e75a975802de3e9f5f1d1f7098780b26059c4f992ae9b98346a,byte-identical descriptive directory rename
calibrated-gcamdata-xml,canonical-matrix,input/gcamdata/xml-brp7d8-cal/an_input.xml,input/gcamdata/xml-ai-data-center-calibrated/an_input.xml,c66e9a54346d9f46055b71a864202605758b0da4b678abdc3a0b73e1e8e707f3,c66e9a54346d9f46055b71a864202605758b0da4b678abdc3a0b73e1e8e707f3,byte-identical descriptive directory rename
calibrated-gcamdata-xml,canonical-matrix,input/gcamdata/xml-brp7d8-cal/bio_externality.xml,input/gcamdata/xml-ai-data-center-calibrated/bio_externality.xml,2779cd91cc2ddb6d33aaeeb13d8fca7ed637ce908dc0145e1da6d1a96096cf70,2779cd91cc2ddb6d33aaeeb13d8fca7ed637ce908dc0145e1da6d1a96096cf70,byte-identical descriptive directory rename
calibrated-gcamdata-xml,canonical-matrix,input/gcamdata/xml-brp7d8-cal/bio_trade.xml,input/gcamdata/xml-ai-data-center-calibrated/bio_trade.xml,32dadb52e512833b1c3a00e895e3e912631f881ff0eea85df390f5fc7ab6d2f8,32dadb52e512833b1c3a00e895e3e912631f881ff0eea85df390f5fc7ab6d2f8,byte-identical descriptive directory rename
calibrated-gcamdata-xml,canonical-matrix,input/gcamdata/xml-brp7d8-cal/bld_emissions_USA.xml,input/gcamdata/xml-ai-data-center-calibrated/bld_emissions_USA.xml,55997ce77181898ba56cb97d3a1f7ce9789cdb1869425b15dd95c7a0c9b4fcf0,55997ce77181898ba56cb97d3a1f7ce9789cdb1869425b15dd95c7a0c9b4fcf0,byte-identical descriptive directory rename
calibrated-gcamdata-xml,canonical-matrix,input/gcamdata/xml-brp7d8-cal/building_SSP1.xml,input/gcamdata/xml-ai-data-center-calibrated/building_SSP1.xml,ddad00657127d0fa962a8f2eb1a57988a50b2059b422f52759cccf873d44d20a,ddad00657127d0fa962a8f2eb1a57988a50b2059b422f52759cccf873d44d20a,byte-identical descriptive directory rename
calibrated-gcamdata-xml,canonical-matrix,input/gcamdata/xml-brp7d8-cal/building_SSP2.xml,input/gcamdata/xml-ai-data-center-calibrated/building_SSP2.xml,ef46bfe26fddc12eedd9294444b7998fe57fa25ec71c1ac3664d4d5dd2abd902,ef46bfe26fddc12eedd9294444b7998fe57fa25ec71c1ac3664d4d5dd2abd902,byte-identical descriptive directory rename
calibrated-gcamdata-xml,canonical-matrix,input/gcamdata/xml-brp7d8-cal/building_SSP3.xml,input/gcamdata/xml-ai-data-center-calibrated/building_SSP3.xml,c052b039e299020841ad22ea661e9e0c36caf5d780a26e8db77f500ca59503fd,c052b039e299020841ad22ea661e9e0c36caf5d780a26e8db77f500ca59503fd,byte-identical descriptive directory rename
calibrated-gcamdata-xml,canonical-matrix,input/gcamdata/xml-brp7d8-cal/building_SSP4.xml,input/gcamdata/xml-ai-data-center-calibrated/building_SSP4.xml,9af41333d621267326647665e6028175b365dd8ea6e21bf1ab7bdd4ff94f4fa9,9af41333d621267326647665e6028175b365dd8ea6e21bf1ab7bdd4ff94f4fa9,byte-identical descriptive directory rename
calibrated-gcamdata-xml,canonical-matrix,input/gcamdata/xml-brp7d8-cal/building_SSP5.xml,input/gcamdata/xml-ai-data-center-calibrated/building_SSP5.xml,455e45f03d7ad442267428e686d281bde065f06511af87d8d5c9008d2a6ba399,455e45f03d7ad442267428e686d281bde065f06511af87d8d5c9008d2a6ba399,byte-identical descriptive directory rename
calibrated-gcamdata-xml,canonical-matrix,input/gcamdata/xml-brp7d8-cal/building_USA.xml,input/gcamdata/xml-ai-data-center-calibrated/building_USA.xml,6e29d4cd5939680195fecde3bfdaa37648ba29417ffb2d14b7c18eb82271bdf4,6e29d4cd5939680195fecde3bfdaa37648ba29417ffb2d14b7c18eb82271bdf4,byte-identical descriptive directory rename
calibrated-gcamdata-xml,canonical-matrix,input/gcamdata/xml-brp7d8-cal/building_agg.xml,input/gcamdata/xml-ai-data-center-calibrated/building_agg.xml,3a2a8e60f1cd6877f107e6b2c5abc5572d437e09613bb87cc1c1b24f6948d6f0,3a2a8e60f1cd6877f107e6b2c5abc5572d437e09613bb87cc1c1b24f6948d6f0,byte-identical descriptive directory rename
calibrated-gcamdata-xml,canonical-matrix,input/gcamdata/xml-brp7d8-cal/building_det.xml,input/gcamdata/xml-ai-data-center-calibrated/building_det.xml,bd07956f57e17ecdf3a2a0fc5fae116ad00dd5f185ab411362f5f03e4e40e259,bd07956f57e17ecdf3a2a0fc5fae116ad00dd5f185ab411362f5f03e4e40e259,byte-identical descriptive directory rename
calibrated-gcamdata-xml,canonical-matrix,input/gcamdata/xml-brp7d8-cal/ccs_supply_high.xml,input/gcamdata/xml-ai-data-center-calibrated/ccs_supply_high.xml,db78670f9887c8b4c9775dad0d0ac5f173600c890a241187c37ee4b760ce0b28,db78670f9887c8b4c9775dad0d0ac5f173600c890a241187c37ee4b760ce0b28,byte-identical descriptive directory rename
calibrated-gcamdata-xml,canonical-matrix,input/gcamdata/xml-brp7d8-cal/ccs_supply_low.xml,input/gcamdata/xml-ai-data-center-calibrated/ccs_supply_low.xml,58f3ebe1af60884df49af7a1a1eb4187888e22b44190545a496292ce84193987,58f3ebe1af60884df49af7a1a1eb4187888e22b44190545a496292ce84193987,byte-identical descriptive directory rename
calibrated-gcamdata-xml,canonical-matrix,input/gcamdata/xml-brp7d8-cal/ccs_supply_lowest.xml,input/gcamdata/xml-ai-data-center-calibrated/ccs_supply_lowest.xml,c57105d80963142c65ddda2cb3c1766d9c8b4c40fa23e5f7a65a78e8d5a47883,c57105d80963142c65ddda2cb3c1766d9c8b4c40fa23e5f7a65a78e8d5a47883,byte-identical descriptive directory rename
calibrated-gcamdata-xml,canonical-matrix,input/gcamdata/xml-brp7d8-cal/cement.xml,input/gcamdata/xml-ai-data-center-calibrated/cement.xml,60e88954f77272548cc8696fa5ec27637da59ed7d38acdfe9d38fa8b65e045d6,60e88954f77272548cc8696fa5ec27637da59ed7d38acdfe9d38fa8b65e045d6,byte-identical descriptive directory rename
calibrated-gcamdata-xml,canonical-matrix,input/gcamdata/xml-brp7d8-cal/cement_USA.xml,input/gcamdata/xml-ai-data-center-calibrated/cement_USA.xml,4cf4b2e5bc8e291960b5dc1f22a9ccd51ffc8bd2313861ddd9c3dbee2c562f02,4cf4b2e5bc8e291960b5dc1f22a9ccd51ffc8bd2313861ddd9c3dbee2c562f02,byte-identical descriptive directory rename
calibrated-gcamdata-xml,canonical-matrix,input/gcamdata/xml-brp7d8-cal/chemical.xml,input/gcamdata/xml-ai-data-center-calibrated/chemical.xml,203a426b20a27e913ed24378805e1e6d6d4d38b2dc6594cd1c0a19529216865c,203a426b20a27e913ed24378805e1e6d6d4d38b2dc6594cd1c0a19529216865c,byte-identical descriptive directory rename
calibrated-gcamdata-xml,canonical-matrix,input/gcamdata/xml-brp7d8-cal/coal_delay_USA.xml,input/gcamdata/xml-ai-data-center-calibrated/coal_delay_USA.xml,482723a36fede98e26221d2a1c895320d8f9c9412aa9fe06593d248b4a19885a,482723a36fede98e26221d2a1c895320d8f9c9412aa9fe06593d248b4a19885a,byte-identical descriptive directory rename
calibrated-gcamdata-xml,canonical-matrix,input/gcamdata/xml-brp7d8-cal/coal_retire_vintage_USA.xml,input/gcamdata/xml-ai-data-center-calibrated/coal_retire_vintage_USA.xml,f953a8a680b0402a823c54b05d3f84b0c461343c9e19384d0ed5fa3476fa8edb,f953a8a680b0402a823c54b05d3f84b0c461343c9e19384d0ed5fa3476fa8edb,byte-identical descriptive directory rename
calibrated-gcamdata-xml,canonical-matrix,input/gcamdata/xml-brp7d8-cal/conv_compute.xml,input/gcamdata/xml-ai-data-center-calibrated/conv_compute.xml,210d1ac7e9eebd06251d95e69eb2dd8a788a5b1291951203c2618e3f5ea40442,210d1ac7e9eebd06251d95e69eb2dd8a788a5b1291951203c2618e3f5ea40442,byte-identical descriptive directory rename
calibrated-gcamdata-xml,canonical-matrix,input/gcamdata/xml-brp7d8-cal/dac_USA_ssp1.xml,input/gcamdata/xml-ai-data-center-calibrated/dac_USA_ssp1.xml,77f7a9407220ef92f02b1cc94447cd6d21eab71700ff095edba4b81fe46ad0d0,77f7a9407220ef92f02b1cc94447cd6d21eab71700ff095edba4b81fe46ad0d0,byte-identical descriptive directory rename
calibrated-gcamdata-xml,canonical-matrix,input/gcamdata/xml-brp7d8-cal/dac_USA_ssp2.xml,input/gcamdata/xml-ai-data-center-calibrated/dac_USA_ssp2.xml,77f7a9407220ef92f02b1cc94447cd6d21eab71700ff095edba4b81fe46ad0d0,77f7a9407220ef92f02b1cc94447cd6d21eab71700ff095edba4b81fe46ad0d0,byte-identical descriptive directory rename
calibrated-gcamdata-xml,canonical-matrix,input/gcamdata/xml-brp7d8-cal/dac_USA_ssp3.xml,input/gcamdata/xml-ai-data-center-calibrated/dac_USA_ssp3.xml,e52263c69b33b8afa6c1b37c5609d10a00f9325f520701bbe65806f3e66648b8,e52263c69b33b8afa6c1b37c5609d10a00f9325f520701bbe65806f3e66648b8,byte-identical descriptive directory rename
calibrated-gcamdata-xml,canonical-matrix,input/gcamdata/xml-brp7d8-cal/dac_USA_ssp4.xml,input/gcamdata/xml-ai-data-center-calibrated/dac_USA_ssp4.xml,77f7a9407220ef92f02b1cc94447cd6d21eab71700ff095edba4b81fe46ad0d0,77f7a9407220ef92f02b1cc94447cd6d21eab71700ff095edba4b81fe46ad0d0,byte-identical descriptive directory rename
calibrated-gcamdata-xml,canonical-matrix,input/gcamdata/xml-brp7d8-cal/dac_USA_ssp5.xml,input/gcamdata/xml-ai-data-center-calibrated/dac_USA_ssp5.xml,77f7a9407220ef92f02b1cc94447cd6d21eab71700ff095edba4b81fe46ad0d0,77f7a9407220ef92f02b1cc94447cd6d21eab71700ff095edba4b81fe46ad0d0,byte-identical descriptive directory rename
calibrated-gcamdata-xml,canonical-matrix,input/gcamdata/xml-brp7d8-cal/dac_ssp1.xml,input/gcamdata/xml-ai-data-center-calibrated/dac_ssp1.xml,da5453c4dd03e0bc85d7855b05ddb5ae911c8f1c8c981775c2b3a388ebc073ed,da5453c4dd03e0bc85d7855b05ddb5ae911c8f1c8c981775c2b3a388ebc073ed,byte-identical descriptive directory rename
calibrated-gcamdata-xml,canonical-matrix,input/gcamdata/xml-brp7d8-cal/dac_ssp2.xml,input/gcamdata/xml-ai-data-center-calibrated/dac_ssp2.xml,7dff91e7206032eb5e3eed8023bcba2033ab8b4986273d0ea6e47649471870e8,7dff91e7206032eb5e3eed8023bcba2033ab8b4986273d0ea6e47649471870e8,byte-identical descriptive directory rename
calibrated-gcamdata-xml,canonical-matrix,input/gcamdata/xml-brp7d8-cal/dac_ssp2_adv5.xml,input/gcamdata/xml-ai-data-center-calibrated/dac_ssp2_adv5.xml,8129fa9de5f1756f013906abe2b3d88964da87bb54d2537059530abaa52ad113,8129fa9de5f1756f013906abe2b3d88964da87bb54d2537059530abaa52ad113,byte-identical descriptive directory rename
calibrated-gcamdata-xml,canonical-matrix,input/gcamdata/xml-brp7d8-cal/dac_ssp3.xml,input/gcamdata/xml-ai-data-center-calibrated/dac_ssp3.xml,7b80ab2dec46a4c9ff803593f5fa706ceecb9c93c82b69836461f63e8a05fb1a,7b80ab2dec46a4c9ff803593f5fa706ceecb9c93c82b69836461f63e8a05fb1a,byte-identical descriptive directory rename
calibrated-gcamdata-xml,canonical-matrix,input/gcamdata/xml-brp7d8-cal/dac_ssp4.xml,input/gcamdata/xml-ai-data-center-calibrated/dac_ssp4.xml,201feabc9df73d5c73fa3f4be8fa016e7789787aa1914ab48d74df8edfdbdca2,201feabc9df73d5c73fa3f4be8fa016e7789787aa1914ab48d74df8edfdbdca2,byte-identical descriptive directory rename
calibrated-gcamdata-xml,canonical-matrix,input/gcamdata/xml-brp7d8-cal/dac_ssp5.xml,input/gcamdata/xml-ai-data-center-calibrated/dac_ssp5.xml,201feabc9df73d5c73fa3f4be8fa016e7789787aa1914ab48d74df8edfdbdca2,201feabc9df73d5c73fa3f4be8fa016e7789787aa1914ab48d74df8edfdbdca2,byte-identical descriptive directory rename
calibrated-gcamdata-xml,canonical-matrix,input/gcamdata/xml-brp7d8-cal/delete_gdp_control.xml,input/gcamdata/xml-ai-data-center-calibrated/delete_gdp_control.xml,5d189d527046e86a20a68521799143576a66961f76276962737eb71282f7527f,5d189d527046e86a20a68521799143576a66961f76276962737eb71282f7527f,byte-identical descriptive directory rename
calibrated-gcamdata-xml,canonical-matrix,input/gcamdata/xml-brp7d8-cal/desalination.xml,input/gcamdata/xml-ai-data-center-calibrated/desalination.xml,68ab22ddff1a3d690e73b13d3db56ae26ba0132b7e8a7675170a2684479895d1,68ab22ddff1a3d690e73b13d3db56ae26ba0132b7e8a7675170a2684479895d1,byte-identical descriptive directory rename
calibrated-gcamdata-xml,canonical-matrix,input/gcamdata/xml-brp7d8-cal/disable_climate_model.xml,input/gcamdata/xml-ai-data-center-calibrated/disable_climate_model.xml,3df25a5bcc3051369328d3ce371becc20efa5faf51bb4e0d32eda1eedceeafd0,3df25a5bcc3051369328d3ce371becc20efa5faf51bb4e0d32eda1eedceeafd0,byte-identical descriptive directory rename
calibrated-gcamdata-xml,canonical-matrix,input/gcamdata/xml-brp7d8-cal/elc_emissions_USA.xml,input/gcamdata/xml-ai-data-center-calibrated/elc_emissions_USA.xml,9e4e675d71b1f82486a59c539a0a6da35d34857586e37a8b8d4b09a5bf05f0f4,9e4e675d71b1f82486a59c539a0a6da35d34857586e37a8b8d4b09a5bf05f0f4,byte-identical descriptive directory rename
calibrated-gcamdata-xml,canonical-matrix,input/gcamdata/xml-brp7d8-cal/elecS_costs_USA_itc.xml,input/gcamdata/xml-ai-data-center-calibrated/elecS_costs_USA_itc.xml,7ea517702153cfbc24de7d24fed7f9d83261b04db55cedf1b9248adc40b43305,7ea517702153cfbc24de7d24fed7f9d83261b04db55cedf1b9248adc40b43305,byte-identical descriptive directory rename
calibrated-gcamdata-xml,canonical-matrix,input/gcamdata/xml-brp7d8-cal/elecS_costs_USA_ptc.xml,input/gcamdata/xml-ai-data-center-calibrated/elecS_costs_USA_ptc.xml,6265bc048bfc5171940bcdaf230d36eb4d45a3133e05539802994cd77fcf9b3f,6265bc048bfc5171940bcdaf230d36eb4d45a3133e05539802994cd77fcf9b3f,byte-identical descriptive directory rename
calibrated-gcamdata-xml,canonical-matrix,input/gcamdata/xml-brp7d8-cal/elecS_ghg_emissions_water_USA.xml,input/gcamdata/xml-ai-data-center-calibrated/elecS_ghg_emissions_water_USA.xml,6efdc6b3e020f77cf61ae566b508c4fdda1fc4dab66be2dfc006daeb87800ca8,6efdc6b3e020f77cf61ae566b508c4fdda1fc4dab66be2dfc006daeb87800ca8,byte-identical descriptive directory rename
calibrated-gcamdata-xml,canonical-matrix,input/gcamdata/xml-brp7d8-cal/elec_bio_low.xml,input/gcamdata/xml-ai-data-center-calibrated/elec_bio_low.xml,2b7d1217c96ffc4e80dda714f8a31a46f2926ded597567e028c433ed326b1c9e,2b7d1217c96ffc4e80dda714f8a31a46f2926ded597567e028c433ed326b1c9e,byte-identical descriptive directory rename
calibrated-gcamdata-xml,canonical-matrix,input/gcamdata/xml-brp7d8-cal/elec_hydro_USA.xml,input/gcamdata/xml-ai-data-center-calibrated/elec_hydro_USA.xml,6899cab62304bc031353c00f7c17da414327c941c15be4791631a064f7a1573c,6899cab62304bc031353c00f7c17da414327c941c15be4791631a064f7a1573c,byte-identical descriptive directory rename
calibrated-gcamdata-xml,canonical-matrix,input/gcamdata/xml-brp7d8-cal/elec_segments_USA.xml,input/gcamdata/xml-ai-data-center-calibrated/elec_segments_USA.xml,503166e892ae1051479530ca2c6ce86d5e30ecccaff4e6104a91d6e5af1ce321,503166e892ae1051479530ca2c6ce86d5e30ecccaff4e6104a91d6e5af1ce321,byte-identical descriptive directory rename
calibrated-gcamdata-xml,canonical-matrix,input/gcamdata/xml-brp7d8-cal/elec_segments_water_USA.xml,input/gcamdata/xml-ai-data-center-calibrated/elec_segments_water_USA.xml,b4e35e0713e3b3da3b69efa5e7d6cff158126229da50fece24c48520cf7c3941,b4e35e0713e3b3da3b69efa5e7d6cff158126229da50fece24c48520cf7c3941,byte-identical descriptive directory rename
calibrated-gcamdata-xml,canonical-matrix,input/gcamdata/xml-brp7d8-cal/electd_USA.xml,input/gcamdata/xml-ai-data-center-calibrated/electd_USA.xml,f18f66e6e24ec5226a35fe10d6edb051d63466e30a50515ce5f971b9ad87c1a3,f18f66e6e24ec5226a35fe10d6edb051d63466e30a50515ce5f971b9ad87c1a3,byte-identical descriptive directory rename
calibrated-gcamdata-xml,canonical-matrix,input/gcamdata/xml-brp7d8-cal/electricity.xml,input/gcamdata/xml-ai-data-center-calibrated/electricity.xml,4dbe173d8735fd907a6e0719d98de862d5607e66175b4c464fa7c2d1471562bb,4dbe173d8735fd907a6e0719d98de862d5607e66175b4c464fa7c2d1471562bb,byte-identical descriptive directory rename
calibrated-gcamdata-xml,canonical-matrix,input/gcamdata/xml-brp7d8-cal/electricity_USA.xml,input/gcamdata/xml-ai-data-center-calibrated/electricity_USA.xml,e3768d63518d2e1221766db87f4c89dc518b2c59deb12cced117275e04b0446a,e3768d63518d2e1221766db87f4c89dc518b2c59deb12cced117275e04b0446a,byte-identical descriptive directory rename
calibrated-gcamdata-xml,canonical-matrix,input/gcamdata/xml-brp7d8-cal/electricity_water.xml,input/gcamdata/xml-ai-data-center-calibrated/electricity_water.xml,fb2531639f9704d30b02808aeaa72e368147651cec986a525a32b2d0ce461b38,fb2531639f9704d30b02808aeaa72e368147651cec986a525a32b2d0ce461b38,byte-identical descriptive directory rename
calibrated-gcamdata-xml,canonical-matrix,input/gcamdata/xml-brp7d8-cal/electricity_water_coefs.xml,input/gcamdata/xml-ai-data-center-calibrated/electricity_water_coefs.xml,6bdcd4cf602247c6d3d9d9665b639edd759d457d83abf906ede2ea521c06d55c,6bdcd4cf602247c6d3d9d9665b639edd759d457d83abf906ede2ea521c06d55c,byte-identical descriptive directory rename
calibrated-gcamdata-xml,canonical-matrix,input/gcamdata/xml-brp7d8-cal/emission_factor_controls.xml,input/gcamdata/xml-ai-data-center-calibrated/emission_factor_controls.xml,987b154d4eca4ef928043f8ad7bc7d28ef056136eda36b2c5091468deaa6f76d,987b154d4eca4ef928043f8ad7bc7d28ef056136eda36b2c5091468deaa6f76d,byte-identical descriptive directory rename
calibrated-gcamdata-xml,canonical-matrix,input/gcamdata/xml-brp7d8-cal/emission_factor_controls_USA.xml,input/gcamdata/xml-ai-data-center-calibrated/emission_factor_controls_USA.xml,7d17a8633c249c4e3611f9ed0afb1613bedd4ef7eaeb6807523570a02ea027dd,7d17a8633c249c4e3611f9ed0afb1613bedd4ef7eaeb6807523570a02ea027dd,byte-identical descriptive directory rename
calibrated-gcamdata-xml,canonical-matrix,input/gcamdata/xml-brp7d8-cal/emission_factor_controls_user.xml,input/gcamdata/xml-ai-data-center-calibrated/emission_factor_controls_user.xml,078f48b0f43390d025f1f1095cfd430d829ce448eb0d806895b398fab6dd09ff,078f48b0f43390d025f1f1095cfd430d829ce448eb0d806895b398fab6dd09ff,byte-identical descriptive directory rename
calibrated-gcamdata-xml,canonical-matrix,input/gcamdata/xml-brp7d8-cal/emission_factor_controls_user_USA.xml,input/gcamdata/xml-ai-data-center-calibrated/emission_factor_controls_user_USA.xml,078f48b0f43390d025f1f1095cfd430d829ce448eb0d806895b398fab6dd09ff,078f48b0f43390d025f1f1095cfd430d829ce448eb0d806895b398fab6dd09ff,byte-identical descriptive directory rename
calibrated-gcamdata-xml,canonical-matrix,input/gcamdata/xml-brp7d8-cal/en_Fert.xml,input/gcamdata/xml-ai-data-center-calibrated/en_Fert.xml,e6f10ea0178397f4b245975d77687b3df848505392034b2ca2531da33dbb06b8,e6f10ea0178397f4b245975d77687b3df848505392034b2ca2531da33dbb06b8,byte-identical descriptive directory rename
calibrated-gcamdata-xml,canonical-matrix,input/gcamdata/xml-brp7d8-cal/en_distribution.xml,input/gcamdata/xml-ai-data-center-calibrated/en_distribution.xml,3e85841eccbb6fa90f47baf7670be39c6ad5e8f43067d9a43514f42c75822279,3e85841eccbb6fa90f47baf7670be39c6ad5e8f43067d9a43514f42c75822279,byte-identical descriptive directory rename
calibrated-gcamdata-xml,canonical-matrix,input/gcamdata/xml-brp7d8-cal/en_prices_USA.xml,input/gcamdata/xml-ai-data-center-calibrated/en_prices_USA.xml,8126d49514e1e682fa4d775ccaafb2ab0004ee7f9056b02f57797acb8ef4a83c,8126d49514e1e682fa4d775ccaafb2ab0004ee7f9056b02f57797acb8ef4a83c,byte-identical descriptive directory rename
calibrated-gcamdata-xml,canonical-matrix,input/gcamdata/xml-brp7d8-cal/en_supply.xml,input/gcamdata/xml-ai-data-center-calibrated/en_supply.xml,5998c3ad80306460e0e21feebafedc1f7730ee03028cbe12a96d14aee08e6362,5998c3ad80306460e0e21feebafedc1f7730ee03028cbe12a96d14aee08e6362,byte-identical descriptive directory rename
calibrated-gcamdata-xml,canonical-matrix,input/gcamdata/xml-brp7d8-cal/en_supply_USA.xml,input/gcamdata/xml-ai-data-center-calibrated/en_supply_USA.xml,46d844c8f39e01a3a46437075fa67d94381555c3e35dbffdf9db32d9e4d19a5b,46d844c8f39e01a3a46437075fa67d94381555c3e35dbffdf9db32d9e4d19a5b,byte-identical descriptive directory rename
calibrated-gcamdata-xml,canonical-matrix,input/gcamdata/xml-brp7d8-cal/en_transformation.xml,input/gcamdata/xml-ai-data-center-calibrated/en_transformation.xml,dd596dc6247fab0e39bee6668f0e7f4e8ac9acb438279892ff2949e85a2d59df,dd596dc6247fab0e39bee6668f0e7f4e8ac9acb438279892ff2949e85a2d59df,byte-identical descriptive directory rename
calibrated-gcamdata-xml,canonical-matrix,input/gcamdata/xml-brp7d8-cal/en_transformation_USA.xml,input/gcamdata/xml-ai-data-center-calibrated/en_transformation_USA.xml,faf5f792ebd973d2968cd1c08037908796741d39320c24572ee6055effe1ae12,faf5f792ebd973d2968cd1c08037908796741d39320c24572ee6055effe1ae12,byte-identical descriptive directory rename
calibrated-gcamdata-xml,canonical-matrix,input/gcamdata/xml-brp7d8-cal/food_SSP1.xml,input/gcamdata/xml-ai-data-center-calibrated/food_SSP1.xml,be94d69938240b74c8bf3004919a8acf19a8e96962557fcda9415360d410b9b3,be94d69938240b74c8bf3004919a8acf19a8e96962557fcda9415360d410b9b3,byte-identical descriptive directory rename
calibrated-gcamdata-xml,canonical-matrix,input/gcamdata/xml-brp7d8-cal/food_processing.xml,input/gcamdata/xml-ai-data-center-calibrated/food_processing.xml,5d9c758e80729d92319687f4f51c5d14ffdbe1264adc7301b12a18a854b41c36,5d9c758e80729d92319687f4f51c5d14ffdbe1264adc7301b12a18a854b41c36,byte-identical descriptive directory rename
calibrated-gcamdata-xml,canonical-matrix,input/gcamdata/xml-brp7d8-cal/fossil_res_emissions_USA.xml,input/gcamdata/xml-ai-data-center-calibrated/fossil_res_emissions_USA.xml,39e0029d21d99ca1ff69d302c4b096954f65fe64634a96a3e848c843b48c2a41,39e0029d21d99ca1ff69d302c4b096954f65fe64634a96a3e848c843b48c2a41,byte-identical descriptive directory rename
calibrated-gcamdata-xml,canonical-matrix,input/gcamdata/xml-brp7d8-cal/gas_trade.xml,input/gcamdata/xml-ai-data-center-calibrated/gas_trade.xml,bb5f8c96cd22d2026082cbb70d4201d2c855df9a5e5186b5f7538d4966c451d8,bb5f8c96cd22d2026082cbb70d4201d2c855df9a5e5186b5f7538d4966c451d8,byte-identical descriptive directory rename
calibrated-gcamdata-xml,canonical-matrix,input/gcamdata/xml-brp7d8-cal/gas_trade_USA.xml,input/gcamdata/xml-ai-data-center-calibrated/gas_trade_USA.xml,a6e0d62328251ac756a4beccbb9372f0066e4a9f78947b980572eae2bb74c001,a6e0d62328251ac756a4beccbb9372f0066e4a9f78947b980572eae2bb74c001,byte-identical descriptive directory rename
calibrated-gcamdata-xml,canonical-matrix,input/gcamdata/xml-brp7d8-cal/geo_adv.xml,input/gcamdata/xml-ai-data-center-calibrated/geo_adv.xml,efdd404546982aea462aeeb77f845d8cd29e5ae76dd7df1719c4be286eee1fc2,efdd404546982aea462aeeb77f845d8cd29e5ae76dd7df1719c4be286eee1fc2,byte-identical descriptive directory rename
calibrated-gcamdata-xml,canonical-matrix,input/gcamdata/xml-brp7d8-cal/geo_low.xml,input/gcamdata/xml-ai-data-center-calibrated/geo_low.xml,4d4f490245d3f03e6e4863c761467ea733744099d02b9094b90c0817a206fa2b,4d4f490245d3f03e6e4863c761467ea733744099d02b9094b90c0817a206fa2b,byte-identical descriptive directory rename
calibrated-gcamdata-xml,canonical-matrix,input/gcamdata/xml-brp7d8-cal/geo_tech_adv.xml,input/gcamdata/xml-ai-data-center-calibrated/geo_tech_adv.xml,3458fec83e454c6f213815b26d804b3702fc7faff0e258000de8fad3b10299a4,3458fec83e454c6f213815b26d804b3702fc7faff0e258000de8fad3b10299a4,byte-identical descriptive directory rename
calibrated-gcamdata-xml,canonical-matrix,input/gcamdata/xml-brp7d8-cal/geothermal_adv_USA.xml,input/gcamdata/xml-ai-data-center-calibrated/geothermal_adv_USA.xml,635ce50b5db917e2ae2662cad4ce38f9767c8d1eb7fca8ef294cca5fa8c5a9f6,635ce50b5db917e2ae2662cad4ce38f9767c8d1eb7fca8ef294cca5fa8c5a9f6,byte-identical descriptive directory rename
calibrated-gcamdata-xml,canonical-matrix,input/gcamdata/xml-brp7d8-cal/geothermal_fixed_USA.xml,input/gcamdata/xml-ai-data-center-calibrated/geothermal_fixed_USA.xml,db5040dc7339e2ccb9f5cc5ade241a63e140c25a12f79ec59843d87f6147e083,db5040dc7339e2ccb9f5cc5ade241a63e140c25a12f79ec59843d87f6147e083,byte-identical descriptive directory rename
calibrated-gcamdata-xml,canonical-matrix,input/gcamdata/xml-brp7d8-cal/geothermal_low_USA.xml,input/gcamdata/xml-ai-data-center-calibrated/geothermal_low_USA.xml,0bbcbb032110524f9209a4cca3b7fe9d9f9eb5b9a333e9de18303990d2c6fa75,0bbcbb032110524f9209a4cca3b7fe9d9f9eb5b9a333e9de18303990d2c6fa75,byte-identical descriptive directory rename
calibrated-gcamdata-xml,canonical-matrix,input/gcamdata/xml-brp7d8-cal/ghg_emissions_USA.xml,input/gcamdata/xml-ai-data-center-calibrated/ghg_emissions_USA.xml,294e7498f64f880679d57df8c8e600cf976f9100fe71b54930b52321955aae0c,294e7498f64f880679d57df8c8e600cf976f9100fe71b54930b52321955aae0c,byte-identical descriptive directory rename
calibrated-gcamdata-xml,canonical-matrix,input/gcamdata/xml-brp7d8-cal/heat.xml,input/gcamdata/xml-ai-data-center-calibrated/heat.xml,c6e917f65b51acaf395493ec0ac9460b9894ebe680ef8f2b8c2109e7d5ad3867,c6e917f65b51acaf395493ec0ac9460b9894ebe680ef8f2b8c2109e7d5ad3867,byte-identical descriptive directory rename
calibrated-gcamdata-xml,canonical-matrix,input/gcamdata/xml-brp7d8-cal/hector.xml,input/gcamdata/xml-ai-data-center-calibrated/hector.xml,2e8cfc8abaf8d6deb9fca13a19060ff2a55e948a68eee60238d23f07b8d849b8,2e8cfc8abaf8d6deb9fca13a19060ff2a55e948a68eee60238d23f07b8d849b8,byte-identical descriptive directory rename
calibrated-gcamdata-xml,canonical-matrix,input/gcamdata/xml-brp7d8-cal/high_cost_ccs.xml,input/gcamdata/xml-ai-data-center-calibrated/high_cost_ccs.xml,804f606c021f11ac1cae1f8b23140c003b59cb2a76ec157c52d49ee88b14d029,804f606c021f11ac1cae1f8b23140c003b59cb2a76ec157c52d49ee88b14d029,byte-identical descriptive directory rename
calibrated-gcamdata-xml,canonical-matrix,input/gcamdata/xml-brp7d8-cal/hydrogen.xml,input/gcamdata/xml-ai-data-center-calibrated/hydrogen.xml,c592f7aed531d700630e9e723ccfe16d02a00dda584d49d98eee6539cc15b0e5,c592f7aed531d700630e9e723ccfe16d02a00dda584d49d98eee6539cc15b0e5,byte-identical descriptive directory rename
calibrated-gcamdata-xml,canonical-matrix,input/gcamdata/xml-brp7d8-cal/hydrogen_USA.xml,input/gcamdata/xml-ai-data-center-calibrated/hydrogen_USA.xml,e8e4ba8065a4cae3af61d2665b8f347cfa8c63fdd54a303bcf429fe81a601040,e8e4ba8065a4cae3af61d2665b8f347cfa8c63fdd54a303bcf429fe81a601040,byte-identical descriptive directory rename
calibrated-gcamdata-xml,canonical-matrix,input/gcamdata/xml-brp7d8-cal/hydrogen_adv.xml,input/gcamdata/xml-ai-data-center-calibrated/hydrogen_adv.xml,b376b28f57f446181fd152f693622168ed00a7eeb955c0f1bc632953b8663d3f,b376b28f57f446181fd152f693622168ed00a7eeb955c0f1bc632953b8663d3f,byte-identical descriptive directory rename
calibrated-gcamdata-xml,canonical-matrix,input/gcamdata/xml-brp7d8-cal/hydrogen_electrolysis_USA_adv.xml,input/gcamdata/xml-ai-data-center-calibrated/hydrogen_electrolysis_USA_adv.xml,9b48b75eabca8c76b2f390e90d89e76c2d08c5aeb0d507f0e2f8317c33eec258,9b48b75eabca8c76b2f390e90d89e76c2d08c5aeb0d507f0e2f8317c33eec258,byte-identical descriptive directory rename
calibrated-gcamdata-xml,canonical-matrix,input/gcamdata/xml-brp7d8-cal/hydrogen_electrolysis_USA_lotech.xml,input/gcamdata/xml-ai-data-center-calibrated/hydrogen_electrolysis_USA_lotech.xml,2ac819da5e98b125bbe0bb6aa34cbd3defea87c1e2a37b2d76bfc4cbfddc4847,2ac819da5e98b125bbe0bb6aa34cbd3defea87c1e2a37b2d76bfc4cbfddc4847,byte-identical descriptive directory rename
calibrated-gcamdata-xml,canonical-matrix,input/gcamdata/xml-brp7d8-cal/hydrogen_lotech.xml,input/gcamdata/xml-ai-data-center-calibrated/hydrogen_lotech.xml,96183d60f7f84aa159a5b08d530f3847e31efcbcc3f9ae6a848dee355deb7776,96183d60f7f84aa159a5b08d530f3847e31efcbcc3f9ae6a848dee355deb7776,byte-identical descriptive directory rename
calibrated-gcamdata-xml,canonical-matrix,input/gcamdata/xml-brp7d8-cal/ind_urb_proc_emissions_USA.xml,input/gcamdata/xml-ai-data-center-calibrated/ind_urb_proc_emissions_USA.xml,fecb04ce8468de460cbbc51b48ad9f7b50cb6220141160f1253a7a113991060d,fecb04ce8468de460cbbc51b48ad9f7b50cb6220141160f1253a7a113991060d,byte-identical descriptive directory rename
calibrated-gcamdata-xml,canonical-matrix,input/gcamdata/xml-brp7d8-cal/ind_urb_proc_ghg_emissions_USA.xml,input/gcamdata/xml-ai-data-center-calibrated/ind_urb_proc_ghg_emissions_USA.xml,64455aa4f62d1d2ef6fb8a61d874b79a783444cc51b9973c1fb68fc86add4b6e,64455aa4f62d1d2ef6fb8a61d874b79a783444cc51b9973c1fb68fc86add4b6e,byte-identical descriptive directory rename
calibrated-gcamdata-xml,canonical-matrix,input/gcamdata/xml-brp7d8-cal/ind_urb_processing_sectors.xml,input/gcamdata/xml-ai-data-center-calibrated/ind_urb_processing_sectors.xml,94ace5819396c4fb0ab7d892024bcef72eaa9e0b4e2594f274bea7025c3bc527,94ace5819396c4fb0ab7d892024bcef72eaa9e0b4e2594f274bea7025c3bc527,byte-identical descriptive directory rename
calibrated-gcamdata-xml,canonical-matrix,input/gcamdata/xml-brp7d8-cal/ind_urb_processing_sectors_MAC.xml,input/gcamdata/xml-ai-data-center-calibrated/ind_urb_processing_sectors_MAC.xml,87678737786c9a9aab662fdabdad4157d3b87942c085d7d503856c221477d43b,87678737786c9a9aab662fdabdad4157d3b87942c085d7d503856c221477d43b,byte-identical descriptive directory rename
calibrated-gcamdata-xml,canonical-matrix,input/gcamdata/xml-brp7d8-cal/ind_urb_processing_sectors_USA.xml,input/gcamdata/xml-ai-data-center-calibrated/ind_urb_processing_sectors_USA.xml,d73b37debd3c80dd077968fe18f269abce972328bd869e31f55b00aa63d6f61c,d73b37debd3c80dd077968fe18f269abce972328bd869e31f55b00aa63d6f61c,byte-identical descriptive directory rename
calibrated-gcamdata-xml,canonical-matrix,input/gcamdata/xml-brp7d8-cal/indenergy_emissions_USA.xml,input/gcamdata/xml-ai-data-center-calibrated/indenergy_emissions_USA.xml,c420fc67f9e19f7f768b6478b6f7fd4027b7c37b4b9db863bf9753aac1027457,c420fc67f9e19f7f768b6478b6f7fd4027b7c37b4b9db863bf9753aac1027457,byte-identical descriptive directory rename
calibrated-gcamdata-xml,canonical-matrix,input/gcamdata/xml-brp7d8-cal/industry_USA.xml,input/gcamdata/xml-ai-data-center-calibrated/industry_USA.xml,d77f6f9cf33bdbe7a88eca95dc0e15217761dc72289f63fc51e272a6ee241fb4,d77f6f9cf33bdbe7a88eca95dc0e15217761dc72289f63fc51e272a6ee241fb4,byte-identical descriptive directory rename
calibrated-gcamdata-xml,canonical-matrix,input/gcamdata/xml-brp7d8-cal/industry_vintage_USA.xml,input/gcamdata/xml-ai-data-center-calibrated/industry_vintage_USA.xml,9615d48cdd04670bd8a395b68c69402c73e3088493c05960a5f71f06c0a23ba1,9615d48cdd04670bd8a395b68c69402c73e3088493c05960a5f71f06c0a23ba1,byte-identical descriptive directory rename
calibrated-gcamdata-xml,canonical-matrix,input/gcamdata/xml-brp7d8-cal/iron_steel.xml,input/gcamdata/xml-ai-data-center-calibrated/iron_steel.xml,15ba423c400f2ff6349aaf760ae80d9f44e1d48d6219478ca477621e258c32d4,15ba423c400f2ff6349aaf760ae80d9f44e1d48d6219478ca477621e258c32d4,byte-identical descriptive directory rename
calibrated-gcamdata-xml,canonical-matrix,input/gcamdata/xml-brp7d8-cal/iron_steel_trade.xml,input/gcamdata/xml-ai-data-center-calibrated/iron_steel_trade.xml,36eefe3fe839740b6f70330911b22146ec884c4046c24882c03bceb5c97732ef,36eefe3fe839740b6f70330911b22146ec884c4046c24882c03bceb5c97732ef,byte-identical descriptive directory rename
calibrated-gcamdata-xml,canonical-matrix,input/gcamdata/xml-brp7d8-cal/land_input_1.xml,input/gcamdata/xml-ai-data-center-calibrated/land_input_1.xml,b2a0b9bda4afa6c92205d383e087d2ed100221ce6b0e524cfc2d31f28c761a3e,b2a0b9bda4afa6c92205d383e087d2ed100221ce6b0e524cfc2d31f28c761a3e,byte-identical descriptive directory rename
calibrated-gcamdata-xml,canonical-matrix,input/gcamdata/xml-brp7d8-cal/land_input_2.xml,input/gcamdata/xml-ai-data-center-calibrated/land_input_2.xml,84b444d6f74deffb410c5f2d92eb375f28e0a8a899be261611671bec4a859fec,84b444d6f74deffb410c5f2d92eb375f28e0a8a899be261611671bec4a859fec,byte-identical descriptive directory rename
calibrated-gcamdata-xml,canonical-matrix,input/gcamdata/xml-brp7d8-cal/land_input_3_IRR.xml,input/gcamdata/xml-ai-data-center-calibrated/land_input_3_IRR.xml,964e0e7e9bdfb6c8be3f7dfc38f3eb4ffb3e40d2da51f3fe816c5af5b242d0f9,964e0e7e9bdfb6c8be3f7dfc38f3eb4ffb3e40d2da51f3fe816c5af5b242d0f9,byte-identical descriptive directory rename
calibrated-gcamdata-xml,canonical-matrix,input/gcamdata/xml-brp7d8-cal/land_input_4_IRR_MGMT.xml,input/gcamdata/xml-ai-data-center-calibrated/land_input_4_IRR_MGMT.xml,2bf71cc31a58b86e923de7d327e115bcefca109d68b66f76f15708aa4c2fd623,2bf71cc31a58b86e923de7d327e115bcefca109d68b66f76f15708aa4c2fd623,byte-identical descriptive directory rename
calibrated-gcamdata-xml,canonical-matrix,input/gcamdata/xml-brp7d8-cal/land_input_5_IRR_MGMT.xml,input/gcamdata/xml-ai-data-center-calibrated/land_input_5_IRR_MGMT.xml,4d8215926db1bbfb7c3bc6e6d3ee59149613402b127c484d15d6838c365f627e,4d8215926db1bbfb7c3bc6e6d3ee59149613402b127c484d15d6838c365f627e,byte-identical descriptive directory rename
calibrated-gcamdata-xml,canonical-matrix,input/gcamdata/xml-brp7d8-cal/liquids_limits.xml,input/gcamdata/xml-ai-data-center-calibrated/liquids_limits.xml,3f0d1be0f67f29d35739cdaad9516c1cd9446022cbdb11793066fd2cb78434d7,3f0d1be0f67f29d35739cdaad9516c1cd9446022cbdb11793066fd2cb78434d7,byte-identical descriptive directory rename
calibrated-gcamdata-xml,canonical-matrix,input/gcamdata/xml-brp7d8-cal/liquids_limits_USA.xml,input/gcamdata/xml-ai-data-center-calibrated/liquids_limits_USA.xml,ecdcd2fd5dd229f24bad8edea4c9144df7a9a38b31d562f75016cc62ebc4b805,ecdcd2fd5dd229f24bad8edea4c9144df7a9a38b31d562f75016cc62ebc4b805,byte-identical descriptive directory rename
calibrated-gcamdata-xml,canonical-matrix,input/gcamdata/xml-brp7d8-cal/modeltime.xml,input/gcamdata/xml-ai-data-center-calibrated/modeltime.xml,ed7cb4405c9409c6d9a7b488fbd0a17dc9d516361a08c754ebdaef416cf50448,ed7cb4405c9409c6d9a7b488fbd0a17dc9d516361a08c754ebdaef416cf50448,byte-identical descriptive directory rename
calibrated-gcamdata-xml,canonical-matrix,input/gcamdata/xml-brp7d8-cal/negative_emissions_budget.xml,input/gcamdata/xml-ai-data-center-calibrated/negative_emissions_budget.xml,060b74c65bfc9b60574c1def1dc40018179756ceccf9eaf43b7db3a2ed87efb3,060b74c65bfc9b60574c1def1dc40018179756ceccf9eaf43b7db3a2ed87efb3,byte-identical descriptive directory rename
calibrated-gcamdata-xml,canonical-matrix,input/gcamdata/xml-brp7d8-cal/negative_emissions_budget_USA.xml,input/gcamdata/xml-ai-data-center-calibrated/negative_emissions_budget_USA.xml,8ead34b66417723c1543c88bcef186e20d30ff1a6af6abf6409da4debb0b0935,8ead34b66417723c1543c88bcef186e20d30ff1a6af6abf6409da4debb0b0935,byte-identical descriptive directory rename
calibrated-gcamdata-xml,canonical-matrix,input/gcamdata/xml-brp7d8-cal/no_climate_model.xml,input/gcamdata/xml-ai-data-center-calibrated/no_climate_model.xml,a0875765dc91a3b730a9f153e2125904be2bcb4d44e035dff518a771d1719903,a0875765dc91a3b730a9f153e2125904be2bcb4d44e035dff518a771d1719903,byte-identical descriptive directory rename
calibrated-gcamdata-xml,canonical-matrix,input/gcamdata/xml-brp7d8-cal/no_offshore_ccs.xml,input/gcamdata/xml-ai-data-center-calibrated/no_offshore_ccs.xml,9537dad52bcc071b37ca3f4fc911b7e8d70ec167a781e4ba2fa1b45a5343c2e7,9537dad52bcc071b37ca3f4fc911b7e8d70ec167a781e4ba2fa1b45a5343c2e7,byte-identical descriptive directory rename
calibrated-gcamdata-xml,canonical-matrix,input/gcamdata/xml-brp7d8-cal/nonewcoal_USA.xml,input/gcamdata/xml-ai-data-center-calibrated/nonewcoal_USA.xml,ae2f78fcbbf1127d81a98319a588c530cba32fe8ac1d7c7eca2221c47020387d,ae2f78fcbbf1127d81a98319a588c530cba32fe8ac1d7c7eca2221c47020387d,byte-identical descriptive directory rename
calibrated-gcamdata-xml,canonical-matrix,input/gcamdata/xml-brp7d8-cal/nuclear_USA.xml,input/gcamdata/xml-ai-data-center-calibrated/nuclear_USA.xml,ab118c7b89ebf41ce123adf207b874405a1135902a555f85d05e2f1b440f4290,ab118c7b89ebf41ce123adf207b874405a1135902a555f85d05e2f1b440f4290,byte-identical descriptive directory rename
calibrated-gcamdata-xml,canonical-matrix,input/gcamdata/xml-brp7d8-cal/nuclear_adv.xml,input/gcamdata/xml-ai-data-center-calibrated/nuclear_adv.xml,b4ffdc1586688086f19afee1d77344c49cefff5456842532c213cd5d596b4286,b4ffdc1586688086f19afee1d77344c49cefff5456842532c213cd5d596b4286,byte-identical descriptive directory rename
calibrated-gcamdata-xml,canonical-matrix,input/gcamdata/xml-brp7d8-cal/nuclear_adv_USA.xml,input/gcamdata/xml-ai-data-center-calibrated/nuclear_adv_USA.xml,1d17387173d6129144c055e3c0e8579e296175548ea3ad192306b90e5832067d,1d17387173d6129144c055e3c0e8579e296175548ea3ad192306b90e5832067d,byte-identical descriptive directory rename
calibrated-gcamdata-xml,canonical-matrix,input/gcamdata/xml-brp7d8-cal/nuclear_low.xml,input/gcamdata/xml-ai-data-center-calibrated/nuclear_low.xml,bb74c0ba630a51cdc6e7ed991fd68e2d1ac0888d633ca6787f62517a939a6fb7,bb74c0ba630a51cdc6e7ed991fd68e2d1ac0888d633ca6787f62517a939a6fb7,byte-identical descriptive directory rename
calibrated-gcamdata-xml,canonical-matrix,input/gcamdata/xml-brp7d8-cal/nuclear_low_USA.xml,input/gcamdata/xml-ai-data-center-calibrated/nuclear_low_USA.xml,e225b209f27ac6e907e663b98a502a86f919dfc03ff67df062f8eb34e5dc1a70,e225b209f27ac6e907e663b98a502a86f919dfc03ff67df062f8eb34e5dc1a70,byte-identical descriptive directory rename
calibrated-gcamdata-xml,canonical-matrix,input/gcamdata/xml-brp7d8-cal/onshore_wind.xml,input/gcamdata/xml-ai-data-center-calibrated/onshore_wind.xml,4ca4bbaeb50b182d6880b2a9a97ad57f2bff5da66fb9ec34aecea74a3993e97f,4ca4bbaeb50b182d6880b2a9a97ad57f2bff5da66fb9ec34aecea74a3993e97f,byte-identical descriptive directory rename
calibrated-gcamdata-xml,canonical-matrix,input/gcamdata/xml-brp7d8-cal/other_industry.xml,input/gcamdata/xml-ai-data-center-calibrated/other_industry.xml,267e7e51edce72b2e2824259f6c5ae80e2224fe7b2262e9a4f8c0f6916322d68,267e7e51edce72b2e2824259f6c5ae80e2224fe7b2262e9a4f8c0f6916322d68,byte-identical descriptive directory rename
calibrated-gcamdata-xml,canonical-matrix,input/gcamdata/xml-brp7d8-cal/othertrn_emissions_USA.xml,input/gcamdata/xml-ai-data-center-calibrated/othertrn_emissions_USA.xml,dae3c482855855b3d3425314853eb0a31c93319863729d3aba9932c6df652656,dae3c482855855b3d3425314853eb0a31c93319863729d3aba9932c6df652656,byte-identical descriptive directory rename
calibrated-gcamdata-xml,canonical-matrix,input/gcamdata/xml-brp7d8-cal/paper.xml,input/gcamdata/xml-ai-data-center-calibrated/paper.xml,98a8177edec9e9071c5794a51817d3cd6fd13c8e63e0676a39bd5ea17576770b,98a8177edec9e9071c5794a51817d3cd6fd13c8e63e0676a39bd5ea17576770b,byte-identical descriptive directory rename
calibrated-gcamdata-xml,canonical-matrix,input/gcamdata/xml-brp7d8-cal/pasture_ssp34.xml,input/gcamdata/xml-ai-data-center-calibrated/pasture_ssp34.xml,02ded9e8831100229118b980cf0b66126dcdba79b529df103c215f3bc29a38cf,02ded9e8831100229118b980cf0b66126dcdba79b529df103c215f3bc29a38cf,byte-identical descriptive directory rename
calibrated-gcamdata-xml,canonical-matrix,input/gcamdata/xml-brp7d8-cal/protected_land_input_2.xml,input/gcamdata/xml-ai-data-center-calibrated/protected_land_input_2.xml,8595f845d42a5b6ca941712ed2929ad2002d07d17bfd7d8a007d5eb45bde370f,8595f845d42a5b6ca941712ed2929ad2002d07d17bfd7d8a007d5eb45bde370f,byte-identical descriptive directory rename
calibrated-gcamdata-xml,canonical-matrix,input/gcamdata/xml-brp7d8-cal/protected_land_input_3.xml,input/gcamdata/xml-ai-data-center-calibrated/protected_land_input_3.xml,a27cfb856f67fa645697717295085f6428d878ed3ef927fddd364bf16da47213,a27cfb856f67fa645697717295085f6428d878ed3ef927fddd364bf16da47213,byte-identical descriptive directory rename
calibrated-gcamdata-xml,canonical-matrix,input/gcamdata/xml-brp7d8-cal/prune_empty_ag.xml,input/gcamdata/xml-ai-data-center-calibrated/prune_empty_ag.xml,e2c6bee833bd6277aa3a59452413c384fb57f8182e31c1ccb080dafca7813dd3,e2c6bee833bd6277aa3a59452413c384fb57f8182e31c1ccb080dafca7813dd3,byte-identical descriptive directory rename
calibrated-gcamdata-xml,canonical-matrix,input/gcamdata/xml-brp7d8-cal/refinery_emissions_USA.xml,input/gcamdata/xml-ai-data-center-calibrated/refinery_emissions_USA.xml,ad8e8aadbd2565dc52645d99f37d441e6846de71395c8fcabb392cdfa1bf1e77,ad8e8aadbd2565dc52645d99f37d441e6846de71395c8fcabb392cdfa1bf1e77,byte-identical descriptive directory rename
calibrated-gcamdata-xml,canonical-matrix,input/gcamdata/xml-brp7d8-cal/regional_biomass_USA.xml,input/gcamdata/xml-ai-data-center-calibrated/regional_biomass_USA.xml,8fc908bad9553dae4ba5781c89dccc90bf89f7a7a2aeafbe7a55f286777c3e6c,8fc908bad9553dae4ba5781c89dccc90bf89f7a7a2aeafbe7a55f286777c3e6c,byte-identical descriptive directory rename
calibrated-gcamdata-xml,canonical-matrix,input/gcamdata/xml-brp7d8-cal/resbio_input_IRR_MGMT.xml,input/gcamdata/xml-ai-data-center-calibrated/resbio_input_IRR_MGMT.xml,b4cd25ebfc5d7a23cea61109f87b96d50afecce7011268b3c9d82f09f1c2676f,b4cd25ebfc5d7a23cea61109f87b96d50afecce7011268b3c9d82f09f1c2676f,byte-identical descriptive directory rename
calibrated-gcamdata-xml,canonical-matrix,input/gcamdata/xml-brp7d8-cal/resources.xml,input/gcamdata/xml-ai-data-center-calibrated/resources.xml,a8ef3040828aaa51175831bf0018b65ec9785bceee98534367361eae719cf98e,a8ef3040828aaa51175831bf0018b65ec9785bceee98534367361eae719cf98e,byte-identical descriptive directory rename
calibrated-gcamdata-xml,canonical-matrix,input/gcamdata/xml-brp7d8-cal/resources_SSP1.xml,input/gcamdata/xml-ai-data-center-calibrated/resources_SSP1.xml,486f8bcd7e323fb5a593608b91fe3ccc65b20405e3645a467b92f4af88f86d34,486f8bcd7e323fb5a593608b91fe3ccc65b20405e3645a467b92f4af88f86d34,byte-identical descriptive directory rename
calibrated-gcamdata-xml,canonical-matrix,input/gcamdata/xml-brp7d8-cal/resources_SSP2.xml,input/gcamdata/xml-ai-data-center-calibrated/resources_SSP2.xml,7f36c066b9f917cac778c70119685fa352cb56bbc03e697c9aac91cd8d9256a4,7f36c066b9f917cac778c70119685fa352cb56bbc03e697c9aac91cd8d9256a4,byte-identical descriptive directory rename
calibrated-gcamdata-xml,canonical-matrix,input/gcamdata/xml-brp7d8-cal/resources_SSP3.xml,input/gcamdata/xml-ai-data-center-calibrated/resources_SSP3.xml,7cc98e0694acf052f0a38975071642bc792b395fca74827e356d22b708988d85,7cc98e0694acf052f0a38975071642bc792b395fca74827e356d22b708988d85,byte-identical descriptive directory rename
calibrated-gcamdata-xml,canonical-matrix,input/gcamdata/xml-brp7d8-cal/resources_SSP4.xml,input/gcamdata/xml-ai-data-center-calibrated/resources_SSP4.xml,c39208c41069dd698e08a826fbd0c9d7f7bfadb91b6b57e33c1f076ae26e289e,c39208c41069dd698e08a826fbd0c9d7f7bfadb91b6b57e33c1f076ae26e289e,byte-identical descriptive directory rename
calibrated-gcamdata-xml,canonical-matrix,input/gcamdata/xml-brp7d8-cal/resources_SSP5.xml,input/gcamdata/xml-ai-data-center-calibrated/resources_SSP5.xml,e03b71d648a45344a6f85f574a5a5b295f51849a1ae9372a91a45b0d67aabd79,e03b71d648a45344a6f85f574a5a5b295f51849a1ae9372a91a45b0d67aabd79,byte-identical descriptive directory rename
calibrated-gcamdata-xml,canonical-matrix,input/gcamdata/xml-brp7d8-cal/resources_USA.xml,input/gcamdata/xml-ai-data-center-calibrated/resources_USA.xml,45ad57415245cb889b5976290877aa2713d93de67c7d4ab8358aa8807ed9a1d9,45ad57415245cb889b5976290877aa2713d93de67c7d4ab8358aa8807ed9a1d9,byte-identical descriptive directory rename
calibrated-gcamdata-xml,canonical-matrix,input/gcamdata/xml-brp7d8-cal/resources_fossil_USA.xml,input/gcamdata/xml-ai-data-center-calibrated/resources_fossil_USA.xml,07609b314f94d2b0829278894c32574df771a8c595fa5e795a91e815199c507f,07609b314f94d2b0829278894c32574df771a8c595fa5e795a91e815199c507f,byte-identical descriptive directory rename
calibrated-gcamdata-xml,canonical-matrix,input/gcamdata/xml-brp7d8-cal/socioeconomics_CORE.xml,input/gcamdata/xml-ai-data-center-calibrated/socioeconomics_CORE.xml,7cd15035669b4b855976d88ccae921bc1dc758d043f93f247fa65d8b91d84847,7cd15035669b4b855976d88ccae921bc1dc758d043f93f247fa65d8b91d84847,byte-identical descriptive directory rename
calibrated-gcamdata-xml,canonical-matrix,input/gcamdata/xml-brp7d8-cal/socioeconomics_SSP1.xml,input/gcamdata/xml-ai-data-center-calibrated/socioeconomics_SSP1.xml,98b392f30442a7485e6fd1078fa1217414f69871a26c15cab21dd49da7e82081,98b392f30442a7485e6fd1078fa1217414f69871a26c15cab21dd49da7e82081,byte-identical descriptive directory rename
calibrated-gcamdata-xml,canonical-matrix,input/gcamdata/xml-brp7d8-cal/socioeconomics_SSP2.xml,input/gcamdata/xml-ai-data-center-calibrated/socioeconomics_SSP2.xml,4cb30dc4a0f2bed24819b2b225ca101f1f0e2c4458ab14f3fcb5380071a7c94a,4cb30dc4a0f2bed24819b2b225ca101f1f0e2c4458ab14f3fcb5380071a7c94a,byte-identical descriptive directory rename
calibrated-gcamdata-xml,canonical-matrix,input/gcamdata/xml-brp7d8-cal/socioeconomics_SSP3.xml,input/gcamdata/xml-ai-data-center-calibrated/socioeconomics_SSP3.xml,a031844bee244d070ac91165e05923bdf125f500e6ee6b93808cdcf17a01fcf1,a031844bee244d070ac91165e05923bdf125f500e6ee6b93808cdcf17a01fcf1,byte-identical descriptive directory rename
calibrated-gcamdata-xml,canonical-matrix,input/gcamdata/xml-brp7d8-cal/socioeconomics_SSP4.xml,input/gcamdata/xml-ai-data-center-calibrated/socioeconomics_SSP4.xml,bb4613d3fafacd8ce550c0952c08daf55b07492b3f95a1e3381c6a0360d3a428,bb4613d3fafacd8ce550c0952c08daf55b07492b3f95a1e3381c6a0360d3a428,byte-identical descriptive directory rename
calibrated-gcamdata-xml,canonical-matrix,input/gcamdata/xml-brp7d8-cal/socioeconomics_SSP5.xml,input/gcamdata/xml-ai-data-center-calibrated/socioeconomics_SSP5.xml,555bde460c957233d91b9d25910f845dd93b439e225e80ac4d514ab51666afef,555bde460c957233d91b9d25910f845dd93b439e225e80ac4d514ab51666afef,byte-identical descriptive directory rename
calibrated-gcamdata-xml,canonical-matrix,input/gcamdata/xml-brp7d8-cal/socioeconomics_USA.xml,input/gcamdata/xml-ai-data-center-calibrated/socioeconomics_USA.xml,cc73c207dc59efeed85da9cf33f7ae975c0c05b942ebd29bc822f044a036d64f,cc73c207dc59efeed85da9cf33f7ae975c0c05b942ebd29bc822f044a036d64f,byte-identical descriptive directory rename
calibrated-gcamdata-xml,canonical-matrix,input/gcamdata/xml-brp7d8-cal/socioeconomics_incelas_ssp1.xml,input/gcamdata/xml-ai-data-center-calibrated/socioeconomics_incelas_ssp1.xml,6ed46fe11908574ebadf503274c9bddd69354a9a7232dd41403fff1e28a364a9,6ed46fe11908574ebadf503274c9bddd69354a9a7232dd41403fff1e28a364a9,byte-identical descriptive directory rename
calibrated-gcamdata-xml,canonical-matrix,input/gcamdata/xml-brp7d8-cal/socioeconomics_incelas_ssp2.xml,input/gcamdata/xml-ai-data-center-calibrated/socioeconomics_incelas_ssp2.xml,4dd7baabde0cf877c733e9ebe4c48a79b4f82a1d25529ede9ed42273248ad5fd,4dd7baabde0cf877c733e9ebe4c48a79b4f82a1d25529ede9ed42273248ad5fd,byte-identical descriptive directory rename
calibrated-gcamdata-xml,canonical-matrix,input/gcamdata/xml-brp7d8-cal/socioeconomics_incelas_ssp3.xml,input/gcamdata/xml-ai-data-center-calibrated/socioeconomics_incelas_ssp3.xml,128f09735dd28dc330ee485e30bf8e86bf96f9f4c4dc15883c24d195aa0ad034,128f09735dd28dc330ee485e30bf8e86bf96f9f4c4dc15883c24d195aa0ad034,byte-identical descriptive directory rename
calibrated-gcamdata-xml,canonical-matrix,input/gcamdata/xml-brp7d8-cal/socioeconomics_incelas_ssp4.xml,input/gcamdata/xml-ai-data-center-calibrated/socioeconomics_incelas_ssp4.xml,fbc891adbb611a6ef75b3508e45b6b6a4b3344d59195944d27e4778bb6848173,fbc891adbb611a6ef75b3508e45b6b6a4b3344d59195944d27e4778bb6848173,byte-identical descriptive directory rename
calibrated-gcamdata-xml,canonical-matrix,input/gcamdata/xml-brp7d8-cal/socioeconomics_incelas_ssp5.xml,input/gcamdata/xml-ai-data-center-calibrated/socioeconomics_incelas_ssp5.xml,45e2004a2a86091bd3de266ae3999399ae38235ad7d1a2bf90ca9d04edbe8ec7,45e2004a2a86091bd3de266ae3999399ae38235ad7d1a2bf90ca9d04edbe8ec7,byte-identical descriptive directory rename
calibrated-gcamdata-xml,canonical-matrix,input/gcamdata/xml-brp7d8-cal/socioeconomics_macro.xml,input/gcamdata/xml-ai-data-center-calibrated/socioeconomics_macro.xml,f029a457d9e537ee68aba81ac337b126f841fca7ee721990a6d84cef873cbf5c,f029a457d9e537ee68aba81ac337b126f841fca7ee721990a6d84cef873cbf5c,byte-identical descriptive directory rename
calibrated-gcamdata-xml,canonical-matrix,input/gcamdata/xml-brp7d8-cal/solar_adv.xml,input/gcamdata/xml-ai-data-center-calibrated/solar_adv.xml,423e0901c4ac7cc532dff0bf81e437d67b64b9f1c8833406d6d1bbe69f0b94ab,423e0901c4ac7cc532dff0bf81e437d67b64b9f1c8833406d6d1bbe69f0b94ab,byte-identical descriptive directory rename
calibrated-gcamdata-xml,canonical-matrix,input/gcamdata/xml-brp7d8-cal/solar_adv_USA.xml,input/gcamdata/xml-ai-data-center-calibrated/solar_adv_USA.xml,0c7c90f045e6b1fa630163a29efb5f8ebd365e6fa202eec91900ca5cbdfbf78f,0c7c90f045e6b1fa630163a29efb5f8ebd365e6fa202eec91900ca5cbdfbf78f,byte-identical descriptive directory rename
calibrated-gcamdata-xml,canonical-matrix,input/gcamdata/xml-brp7d8-cal/solar_low.xml,input/gcamdata/xml-ai-data-center-calibrated/solar_low.xml,9f668b46098a8e1e43678729296f86355bc3c46d1e3713910ffd4e86e94a3f0f,9f668b46098a8e1e43678729296f86355bc3c46d1e3713910ffd4e86e94a3f0f,byte-identical descriptive directory rename
calibrated-gcamdata-xml,canonical-matrix,input/gcamdata/xml-brp7d8-cal/solar_low_USA.xml,input/gcamdata/xml-ai-data-center-calibrated/solar_low_USA.xml,6a4a687e8aec84fba3aa12b36685adb9046c7308c6ea60d770c1b9fb02e1bb68,6a4a687e8aec84fba3aa12b36685adb9046c7308c6ea60d770c1b9fb02e1bb68,byte-identical descriptive directory rename
calibrated-gcamdata-xml,canonical-matrix,input/gcamdata/xml-brp7d8-cal/solar_reeds_USA.xml,input/gcamdata/xml-ai-data-center-calibrated/solar_reeds_USA.xml,b1e0d8500ca2fc3dff62e2176ec7fb2048099214fb8e7f2ba52d596c1b256a08,b1e0d8500ca2fc3dff62e2176ec7fb2048099214fb8e7f2ba52d596c1b256a08,byte-identical descriptive directory rename
calibrated-gcamdata-xml,canonical-matrix,input/gcamdata/xml-brp7d8-cal/ssp15_emissions_factors.xml,input/gcamdata/xml-ai-data-center-calibrated/ssp15_emissions_factors.xml,b89cc7ff4b78102a9eab016af604cfa78d3b29cbb58fd3e2558276ec34564ffd,b89cc7ff4b78102a9eab016af604cfa78d3b29cbb58fd3e2558276ec34564ffd,byte-identical descriptive directory rename
calibrated-gcamdata-xml,canonical-matrix,input/gcamdata/xml-brp7d8-cal/ssp2_emissions_factors.xml,input/gcamdata/xml-ai-data-center-calibrated/ssp2_emissions_factors.xml,83d39c7d1b7cb89517bf5972ca25aec3639fceb4f097bf7f9f17d4641b24eea2,83d39c7d1b7cb89517bf5972ca25aec3639fceb4f097bf7f9f17d4641b24eea2,byte-identical descriptive directory rename
calibrated-gcamdata-xml,canonical-matrix,input/gcamdata/xml-brp7d8-cal/ssp2_emissions_factors_tradBio.xml,input/gcamdata/xml-ai-data-center-calibrated/ssp2_emissions_factors_tradBio.xml,5eb36cd4eedb202be6d04cdd07218958676168c4e595c79bf6ead10a0230d356,5eb36cd4eedb202be6d04cdd07218958676168c4e595c79bf6ead10a0230d356,byte-identical descriptive directory rename
calibrated-gcamdata-xml,canonical-matrix,input/gcamdata/xml-brp7d8-cal/ssp34_emissions_factors.xml,input/gcamdata/xml-ai-data-center-calibrated/ssp34_emissions_factors.xml,2a4427c2610d425ec0d65ccb2e57c35976fb7679225a3a130254ae0f54fd907a,2a4427c2610d425ec0d65ccb2e57c35976fb7679225a3a130254ae0f54fd907a,byte-identical descriptive directory rename
calibrated-gcamdata-xml,canonical-matrix,input/gcamdata/xml-brp7d8-cal/ssp3_bio_trade.xml,input/gcamdata/xml-ai-data-center-calibrated/ssp3_bio_trade.xml,d35e263d9188fcd4179ceb442e5064d98c2f582d647dc3bc1f1bc7f306c2de5a,d35e263d9188fcd4179ceb442e5064d98c2f582d647dc3bc1f1bc7f306c2de5a,byte-identical descriptive directory rename
calibrated-gcamdata-xml,canonical-matrix,input/gcamdata/xml-brp7d8-cal/ssp4_ag_bio_trade.xml,input/gcamdata/xml-ai-data-center-calibrated/ssp4_ag_bio_trade.xml,303229b54bc5222d0cea4734a66e01457ab520397cab133b6a7062f8ac1e07e7,303229b54bc5222d0cea4734a66e01457ab520397cab133b6a7062f8ac1e07e7,byte-identical descriptive directory rename
calibrated-gcamdata-xml,canonical-matrix,input/gcamdata/xml-brp7d8-cal/transport_AdvTech.xml,input/gcamdata/xml-ai-data-center-calibrated/transport_AdvTech.xml,23df7f1499f4c76abba8b841286c18661e266f415cbc0cefefda599607bb299d,23df7f1499f4c76abba8b841286c18661e266f415cbc0cefefda599607bb299d,byte-identical descriptive directory rename
calibrated-gcamdata-xml,canonical-matrix,input/gcamdata/xml-brp7d8-cal/transport_LowTech.xml,input/gcamdata/xml-ai-data-center-calibrated/transport_LowTech.xml,19ba867f7cdaf2a1657a748d19414daa6803ffe6ad7181c14e4777775b04dfc2,19ba867f7cdaf2a1657a748d19414daa6803ffe6ad7181c14e4777775b04dfc2,byte-identical descriptive directory rename
calibrated-gcamdata-xml,canonical-matrix,input/gcamdata/xml-brp7d8-cal/transport_emissions_USA.xml,input/gcamdata/xml-ai-data-center-calibrated/transport_emissions_USA.xml,618cfeeeba3d2a9dedfd6fea4fb0429d6c86d670224058e2891b9156c1e83ba6,618cfeeeba3d2a9dedfd6fea4fb0429d6c86d670224058e2891b9156c1e83ba6,byte-identical descriptive directory rename
calibrated-gcamdata-xml,canonical-matrix,input/gcamdata/xml-brp7d8-cal/transport_gcamusa_AdvTech.xml,input/gcamdata/xml-ai-data-center-calibrated/transport_gcamusa_AdvTech.xml,6ea5e08274d8f501ceef9adb985535825bda9343b8c5e9bab6cf8358ea6e39cf,6ea5e08274d8f501ceef9adb985535825bda9343b8c5e9bab6cf8358ea6e39cf,byte-identical descriptive directory rename
calibrated-gcamdata-xml,canonical-matrix,input/gcamdata/xml-brp7d8-cal/transport_gcamusa_LowTech.xml,input/gcamdata/xml-ai-data-center-calibrated/transport_gcamusa_LowTech.xml,fba7a9a5601252039b70319335d9eee63bb84c0eda20f7f8f5135aaa8bc713d2,fba7a9a5601252039b70319335d9eee63bb84c0eda20f7f8f5135aaa8bc713d2,byte-identical descriptive directory rename
calibrated-gcamdata-xml,canonical-matrix,input/gcamdata/xml-brp7d8-cal/transportation_UCD_CORE.xml,input/gcamdata/xml-ai-data-center-calibrated/transportation_UCD_CORE.xml,ff5a34c958398710af6da8f964329332e14c740ebe875259e3327fb626035640,ff5a34c958398710af6da8f964329332e14c740ebe875259e3327fb626035640,byte-identical descriptive directory rename
calibrated-gcamdata-xml,canonical-matrix,input/gcamdata/xml-brp7d8-cal/transportation_UCD_SSP1.xml,input/gcamdata/xml-ai-data-center-calibrated/transportation_UCD_SSP1.xml,cfc903e5caba350235492cca580f5169dcb70c0e1e14a7346c612cf443549d68,cfc903e5caba350235492cca580f5169dcb70c0e1e14a7346c612cf443549d68,byte-identical descriptive directory rename
calibrated-gcamdata-xml,canonical-matrix,input/gcamdata/xml-brp7d8-cal/transportation_UCD_SSP3.xml,input/gcamdata/xml-ai-data-center-calibrated/transportation_UCD_SSP3.xml,e5ff617cb88c04755aee7df9735a1724e2a6fbc0a08f21398fb9fc5c1f5c50c9,e5ff617cb88c04755aee7df9735a1724e2a6fbc0a08f21398fb9fc5c1f5c50c9,byte-identical descriptive directory rename
calibrated-gcamdata-xml,canonical-matrix,input/gcamdata/xml-brp7d8-cal/transportation_UCD_SSP5.xml,input/gcamdata/xml-ai-data-center-calibrated/transportation_UCD_SSP5.xml,ba84eb2b5d5ffde3ab74dd7e24b6193c4a01f47458bda62dc15a776b5f65bee8,ba84eb2b5d5ffde3ab74dd7e24b6193c4a01f47458bda62dc15a776b5f65bee8,byte-identical descriptive directory rename
calibrated-gcamdata-xml,canonical-matrix,input/gcamdata/xml-brp7d8-cal/transportation_USA_CORE.xml,input/gcamdata/xml-ai-data-center-calibrated/transportation_USA_CORE.xml,a8169303f83db68c9f2c1a5ef16fde07946692d77f9030b94d918af49f058d50,a8169303f83db68c9f2c1a5ef16fde07946692d77f9030b94d918af49f058d50,byte-identical descriptive directory rename
calibrated-gcamdata-xml,canonical-matrix,input/gcamdata/xml-brp7d8-cal/trn_ghg_emissions_USA.xml,input/gcamdata/xml-ai-data-center-calibrated/trn_ghg_emissions_USA.xml,6a9219f7744e140bce53b3bcadf4f9362183bd2a07817ce6db306045ab38f061,6a9219f7744e140bce53b3bcadf4f9362183bd2a07817ce6db306045ab38f061,byte-identical descriptive directory rename
calibrated-gcamdata-xml,canonical-matrix,input/gcamdata/xml-brp7d8-cal/turn_off_ccs.xml,input/gcamdata/xml-ai-data-center-calibrated/turn_off_ccs.xml,4322275eae0320776953bc914535ca4df24a1d34f810c1c319bbc416c03b881c,4322275eae0320776953bc914535ca4df24a1d34f810c1c319bbc416c03b881c,byte-identical descriptive directory rename
calibrated-gcamdata-xml,canonical-matrix,input/gcamdata/xml-brp7d8-cal/unlimited_water_supply.xml,input/gcamdata/xml-ai-data-center-calibrated/unlimited_water_supply.xml,32f3f10b94630aec7dd217ede5276190eda81c9d3d3a4f011813e33578bf9101,32f3f10b94630aec7dd217ede5276190eda81c9d3d3a4f011813e33578bf9101,byte-identical descriptive directory rename
calibrated-gcamdata-xml,canonical-matrix,input/gcamdata/xml-brp7d8-cal/water_demand_industry.xml,input/gcamdata/xml-ai-data-center-calibrated/water_demand_industry.xml,06ee3ed94ea932a69927c18847979a7303b1bdc98442d491dd609b64b6174b23,06ee3ed94ea932a69927c18847979a7303b1bdc98442d491dd609b64b6174b23,byte-identical descriptive directory rename
calibrated-gcamdata-xml,canonical-matrix,input/gcamdata/xml-brp7d8-cal/water_demand_industry_USA.xml,input/gcamdata/xml-ai-data-center-calibrated/water_demand_industry_USA.xml,78755f16387678c246d9a2fed415d5e4b19d45a811ca2a5b904487c84d7f97db,78755f16387678c246d9a2fed415d5e4b19d45a811ca2a5b904487c84d7f97db,byte-identical descriptive directory rename
calibrated-gcamdata-xml,canonical-matrix,input/gcamdata/xml-brp7d8-cal/water_demand_livestock.xml,input/gcamdata/xml-ai-data-center-calibrated/water_demand_livestock.xml,8fbc06ec51e7307a1a3b888cf89738ff45d76dcbb0b159bb39dbded4535db626,8fbc06ec51e7307a1a3b888cf89738ff45d76dcbb0b159bb39dbded4535db626,byte-identical descriptive directory rename
calibrated-gcamdata-xml,canonical-matrix,input/gcamdata/xml-brp7d8-cal/water_demand_municipal.xml,input/gcamdata/xml-ai-data-center-calibrated/water_demand_municipal.xml,86befb7f74bab8c77c7f638da8c09c6c565070b6625f672ab74a6be82b0be92f,86befb7f74bab8c77c7f638da8c09c6c565070b6625f672ab74a6be82b0be92f,byte-identical descriptive directory rename
calibrated-gcamdata-xml,canonical-matrix,input/gcamdata/xml-brp7d8-cal/water_demand_municipal_USA.xml,input/gcamdata/xml-ai-data-center-calibrated/water_demand_municipal_USA.xml,ea974fceca23c5cfbbda4d8ccd438e7d76a4096a7e52d63b2a133ac2a30ac8ec,ea974fceca23c5cfbbda4d8ccd438e7d76a4096a7e52d63b2a133ac2a30ac8ec,byte-identical descriptive directory rename
calibrated-gcamdata-xml,canonical-matrix,input/gcamdata/xml-brp7d8-cal/water_demand_primary.xml,input/gcamdata/xml-ai-data-center-calibrated/water_demand_primary.xml,e09c334da91231ce7edf5c9ace5b16bbfc953733fe09583952218adb4141f5af,e09c334da91231ce7edf5c9ace5b16bbfc953733fe09583952218adb4141f5af,byte-identical descriptive directory rename
calibrated-gcamdata-xml,canonical-matrix,input/gcamdata/xml-brp7d8-cal/water_elec_liquids_limits.xml,input/gcamdata/xml-ai-data-center-calibrated/water_elec_liquids_limits.xml,0664bc85bb0dc1983ce964d38f1860d081a5229d622a385600dcd76c06f4278a,0664bc85bb0dc1983ce964d38f1860d081a5229d622a385600dcd76c06f4278a,byte-identical descriptive directory rename
calibrated-gcamdata-xml,canonical-matrix,input/gcamdata/xml-brp7d8-cal/water_supply_constrained.xml,input/gcamdata/xml-ai-data-center-calibrated/water_supply_constrained.xml,356dc32d3a7553a73fa7dc9fb6dfe58ece9efadb1c59c82208420d181ae7f26d,356dc32d3a7553a73fa7dc9fb6dfe58ece9efadb1c59c82208420d181ae7f26d,byte-identical descriptive directory rename
calibrated-gcamdata-xml,canonical-matrix,input/gcamdata/xml-brp7d8-cal/water_supply_uncalibrated.xml,input/gcamdata/xml-ai-data-center-calibrated/water_supply_uncalibrated.xml,314ad4acbb9bd8d9d8e27f1fc51a56b83278842fbf32eeacddec2eeda6f2e24a,314ad4acbb9bd8d9d8e27f1fc51a56b83278842fbf32eeacddec2eeda6f2e24a,byte-identical descriptive directory rename
calibrated-gcamdata-xml,canonical-matrix,input/gcamdata/xml-brp7d8-cal/water_td.xml,input/gcamdata/xml-ai-data-center-calibrated/water_td.xml,d202e06398a56dca5e7f7e594e566acf3476d7c98718595c77688e006c7bc285,d202e06398a56dca5e7f7e594e566acf3476d7c98718595c77688e006c7bc285,byte-identical descriptive directory rename
calibrated-gcamdata-xml,canonical-matrix,input/gcamdata/xml-brp7d8-cal/water_td_USA.xml,input/gcamdata/xml-ai-data-center-calibrated/water_td_USA.xml,873334940d8e06e7e8c72a6b39d2920e10e2807c7da270d89e726061833f8ae8,873334940d8e06e7e8c72a6b39d2920e10e2807c7da270d89e726061833f8ae8,byte-identical descriptive directory rename
calibrated-gcamdata-xml,canonical-matrix,input/gcamdata/xml-brp7d8-cal/wind_adv.xml,input/gcamdata/xml-ai-data-center-calibrated/wind_adv.xml,838b183d3b5397e6687f8cbfc675b5bd307a1960f439d1010279d6e63e305702,838b183d3b5397e6687f8cbfc675b5bd307a1960f439d1010279d6e63e305702,byte-identical descriptive directory rename
calibrated-gcamdata-xml,canonical-matrix,input/gcamdata/xml-brp7d8-cal/wind_adv_USA.xml,input/gcamdata/xml-ai-data-center-calibrated/wind_adv_USA.xml,d4c92c24343df83d57e2ca543195daba99fa8daa0809bca04e7b1489e7dad43f,d4c92c24343df83d57e2ca543195daba99fa8daa0809bca04e7b1489e7dad43f,byte-identical descriptive directory rename
calibrated-gcamdata-xml,canonical-matrix,input/gcamdata/xml-brp7d8-cal/wind_low.xml,input/gcamdata/xml-ai-data-center-calibrated/wind_low.xml,29322c9e82fe6caacf076fa87c16f1a7cbf65b9613ddab3a1d2dda29414dc55e,29322c9e82fe6caacf076fa87c16f1a7cbf65b9613ddab3a1d2dda29414dc55e,byte-identical descriptive directory rename
calibrated-gcamdata-xml,canonical-matrix,input/gcamdata/xml-brp7d8-cal/wind_low_USA.xml,input/gcamdata/xml-ai-data-center-calibrated/wind_low_USA.xml,a44aa5451af0efaa930289ba3b3c1a472bea251c546659d09b860e3b403f78c8,a44aa5451af0efaa930289ba3b3c1a472bea251c546659d09b860e3b403f78c8,byte-identical descriptive directory rename
calibrated-gcamdata-xml,canonical-matrix,input/gcamdata/xml-brp7d8-cal/wind_reeds_USA.xml,input/gcamdata/xml-ai-data-center-calibrated/wind_reeds_USA.xml,99111f6e0c59d7342736520bcbed2a4e9bf410c323a3bf348ab511e331cb9a61,99111f6e0c59d7342736520bcbed2a4e9bf410c323a3bf348ab511e331cb9a61,byte-identical descriptive directory rename
climate-runtime,canonical-matrix,input/magicc/inputs/input_gases.emk,input/magicc/inputs/input_gases.emk,c2218b73b671113fb8d57d7fe3e845b24d5d72fd2b6d50903f439c5db26b945c,c2218b73b671113fb8d57d7fe3e845b24d5d72fd2b6d50903f439c5db26b945c,byte-identical copy
configuration,canonical-matrix,exe/brp7d8-db-configs/DConstant/configuration_AI_DConstant_EHigh_nz2050co2_brp7d8cal.xml,exe/ai-data-center/configurations/database-archive/demand-constant/ai-data-center_demand-constant_efficiency-high_net-zero-2050.xml,265884ce641858781e7db1a8c43542ac6330e4438d12bd36306c14c58b286ddc,ddd2bdb32d33ed1291d409887dcc99941be6e9f4122d385007322b6da0809c50,"descriptive filename, scenario name, and tree-relative paths"
configuration,canonical-matrix,exe/brp7d8-db-configs/DConstant/configuration_AI_DConstant_EHigh_ref_brp7d8cal.xml,exe/ai-data-center/configurations/database-archive/demand-constant/ai-data-center_demand-constant_efficiency-high_reference.xml,1d51945dbd470d7dd1cb897b6d4922a7cb45d4805651c12e1ada6751323d71f5,03b6b37a908a349c768d9f86c2bad66bc89180531272e689ba0127fbdc2e8482,"descriptive filename, scenario name, and tree-relative paths"
configuration,canonical-matrix,exe/brp7d8-db-configs/DConstant/configuration_AI_DConstant_ELow_nz2050co2_brp7d8cal.xml,exe/ai-data-center/configurations/database-archive/demand-constant/ai-data-center_demand-constant_efficiency-low_net-zero-2050.xml,f345963022384f5a766723f871074af74a6752667e7cb5163e0f017ed701dbfb,78513d4f870e99a755b1c58f7082c1c65622b08e2580e0c3ac31d0937152331d,"descriptive filename, scenario name, and tree-relative paths"
configuration,canonical-matrix,exe/brp7d8-db-configs/DConstant/configuration_AI_DConstant_ELow_ref_brp7d8cal.xml,exe/ai-data-center/configurations/database-archive/demand-constant/ai-data-center_demand-constant_efficiency-low_reference.xml,e3d9fc81afaed3dc86ec208f4c91b798827d557dea49da698423f2a8f4c8bf08,2c75cc8035a65a205a433d6197ad5792f32a9bafab305e9a4cbfed7cb70b835b,"descriptive filename, scenario name, and tree-relative paths"
configuration,canonical-matrix,exe/brp7d8-db-configs/DConstant/configuration_AI_DConstant_EMedium_nz2050co2_brp7d8cal.xml,exe/ai-data-center/configurations/database-archive/demand-constant/ai-data-center_demand-constant_efficiency-medium_net-zero-2050.xml,3c89d14bf50110978563a428ed1f2fe137c4161c1075f28d4beea68aaee17a06,5ecf39d71a2a4de4cb1f99882ad18224328872b6dd880c780d3a9c914eaddc80,"descriptive filename, scenario name, and tree-relative paths"
configuration,canonical-matrix,exe/brp7d8-db-configs/DConstant/configuration_AI_DConstant_EMedium_ref_brp7d8cal.xml,exe/ai-data-center/configurations/database-archive/demand-constant/ai-data-center_demand-constant_efficiency-medium_reference.xml,a6b94b511be00670a5119f344fa8d0c7e6cb04e5aa4f14320a0347766c307151,e25e7a21fd0dfab9472bf2f713989638d9028f57cc057a18bf22908feed537ac,"descriptive filename, scenario name, and tree-relative paths"
configuration,canonical-matrix,exe/brp7d8-db-configs/EHigh/configuration_AI_DHigh_EHigh_nz2050co2_brp7d8cal.xml,exe/ai-data-center/configurations/database-archive/efficiency-high/ai-data-center_demand-high_efficiency-high_net-zero-2050.xml,866e252ff46356a9a22a3025418f18db475da64e6c6db11ff9bbdd79f5ecabf2,df97fd9de79771b69c42ded52dda60e322a6a41ee5ace83450188d85dc50c57c,"descriptive filename, scenario name, and tree-relative paths"
configuration,canonical-matrix,exe/brp7d8-db-configs/EHigh/configuration_AI_DHigh_EHigh_ref_brp7d8cal.xml,exe/ai-data-center/configurations/database-archive/efficiency-high/ai-data-center_demand-high_efficiency-high_reference.xml,b9a072dd110d03ecdeb90214309ebbdd383498c2c08f02783b82c6385b9b98ee,23bc1741759664348a8eaaa5a3424795b06a36b3db68fe348f599573dd11d7f4,"descriptive filename, scenario name, and tree-relative paths"
configuration,canonical-matrix,exe/brp7d8-db-configs/EHigh/configuration_AI_DLow_EHigh_nz2050co2_brp7d8cal.xml,exe/ai-data-center/configurations/database-archive/efficiency-high/ai-data-center_demand-low_efficiency-high_net-zero-2050.xml,04e51363c725ea278e3699f780ef8517f7ab82216e5885b822218177d113b113,75b127277373528c8d6cfeb51d4005979e593a3457008fcc12bd35f6d6e6fde0,"descriptive filename, scenario name, and tree-relative paths"
configuration,canonical-matrix,exe/brp7d8-db-configs/EHigh/configuration_AI_DLow_EHigh_ref_brp7d8cal.xml,exe/ai-data-center/configurations/database-archive/efficiency-high/ai-data-center_demand-low_efficiency-high_reference.xml,a8b56e9f31b0a32838dc0a8aa75171789f04099f90820f1c83f7d96a9e955939,653bd259b6d470fbbc95d1485ae6d98eb2c8be06464604ccc4bee4721516a455,"descriptive filename, scenario name, and tree-relative paths"
configuration,canonical-matrix,exe/brp7d8-db-configs/EHigh/configuration_AI_DMedium_EHigh_nz2050co2_brp7d8cal.xml,exe/ai-data-center/configurations/database-archive/efficiency-high/ai-data-center_demand-medium_efficiency-high_net-zero-2050.xml,ffe79e223215a70d0e5a8af2fed7d7720c5a2f1c1dfba714603fcc05be135e13,5720a45bbb2698ed5a2d00cb9815e88f641edfbe0a2f52c5d6abdadee4b47f67,"descriptive filename, scenario name, and tree-relative paths"
configuration,canonical-matrix,exe/brp7d8-db-configs/EHigh/configuration_AI_DMedium_EHigh_ref_brp7d8cal.xml,exe/ai-data-center/configurations/database-archive/efficiency-high/ai-data-center_demand-medium_efficiency-high_reference.xml,635bab8200004517ed843d9537fb5b85670f4e3aa63f3ccbcbaa7e3bf8262839,3d6fdb1c7f6592312ad017f1dc64cf62cce9fd680a4ab5971298ce3dcc7fe826,"descriptive filename, scenario name, and tree-relative paths"
configuration,canonical-matrix,exe/brp7d8-db-configs/ELow/configuration_AI_DHigh_ELow_nz2050co2_brp7d8cal.xml,exe/ai-data-center/configurations/database-archive/efficiency-low/ai-data-center_demand-high_efficiency-low_net-zero-2050.xml,98fdee1b2ea5078423210ea9b7e4a9df8a5c68652c6682b6653dc3a2de0e2186,58e034de97ecc781c985837792992fe32036773ae853a54e9d4d5cd7931c2e4e,"descriptive filename, scenario name, and tree-relative paths"
configuration,canonical-matrix,exe/brp7d8-db-configs/ELow/configuration_AI_DHigh_ELow_ref_brp7d8cal.xml,exe/ai-data-center/configurations/database-archive/efficiency-low/ai-data-center_demand-high_efficiency-low_reference.xml,ae2e3807890a59ca57fefb536ade7efa5936c82c57e3f09e9e4fcc029e88681d,e7a524f4a80a7fe0eb0500c6faeee3ef367ceee42b236dc233b2bf44a4019e32,"descriptive filename, scenario name, and tree-relative paths"
configuration,canonical-matrix,exe/brp7d8-db-configs/ELow/configuration_AI_DLow_ELow_nz2050co2_brp7d8cal.xml,exe/ai-data-center/configurations/database-archive/efficiency-low/ai-data-center_demand-low_efficiency-low_net-zero-2050.xml,d5ef5c99b008f747e98d2c95007aab62f43500637cd4debb802596d11cd22d7e,184395ab9f0dee7e85cc88db531157dc456e0b73ef42014ed46244bb12fb3f12,"descriptive filename, scenario name, and tree-relative paths"
configuration,canonical-matrix,exe/brp7d8-db-configs/ELow/configuration_AI_DLow_ELow_ref_brp7d8cal.xml,exe/ai-data-center/configurations/database-archive/efficiency-low/ai-data-center_demand-low_efficiency-low_reference.xml,325556d7507d6ab0a1cead9b7ad53589839417ba34cae989dfc059ae23564868,20bc19137dd02bceee04c24a6b44364143bfe9daf104b20d60c3adf210f3ff8a,"descriptive filename, scenario name, and tree-relative paths"
configuration,canonical-matrix,exe/brp7d8-db-configs/ELow/configuration_AI_DMedium_ELow_nz2050co2_brp7d8cal.xml,exe/ai-data-center/configurations/database-archive/efficiency-low/ai-data-center_demand-medium_efficiency-low_net-zero-2050.xml,92f4bbd71a1ae8254089522e88f06de4a34ea23d779fc1ea4c50b69197f2425a,5d0f7b6c9a44506fd3474cca421ee6ff1d95c8dca6573f25cc2f8b328622ffca,"descriptive filename, scenario name, and tree-relative paths"
configuration,canonical-matrix,exe/brp7d8-db-configs/ELow/configuration_AI_DMedium_ELow_ref_brp7d8cal.xml,exe/ai-data-center/configurations/database-archive/efficiency-low/ai-data-center_demand-medium_efficiency-low_reference.xml,1dfb50de4e76d58ce16a2415a22244d9d4d1a1ff041aea4698d9fd2708c9cc03,686d7adff3fb023777df512f54cc7ce4eff997b185098298879ed57a02bb8fc2,"descriptive filename, scenario name, and tree-relative paths"
configuration,canonical-matrix,exe/brp7d8-db-configs/EMedium/configuration_AI_DHigh_EMedium_nz2050co2_brp7d8cal.xml,exe/ai-data-center/configurations/database-archive/efficiency-medium/ai-data-center_demand-high_efficiency-medium_net-zero-2050.xml,f37a83ab46638b31998ea86e3dfef3ebe728632412cc1b019ccca5fdad9b4856,fb72aaa92fe9d2d2ff012da65e6a3740745e35cc9d46c58a967497d8982b58cf,"descriptive filename, scenario name, and tree-relative paths"
configuration,canonical-matrix,exe/brp7d8-db-configs/EMedium/configuration_AI_DHigh_EMedium_ref_brp7d8cal.xml,exe/ai-data-center/configurations/database-archive/efficiency-medium/ai-data-center_demand-high_efficiency-medium_reference.xml,d72cdf40c681959b4bf13b994129ee8d9dd5175716010e14f806cc6ecb503dd7,a1092f12005c438bfeeceff84c4d3f3bfd6cea41cd8267462ff532ab78f1654e,"descriptive filename, scenario name, and tree-relative paths"
configuration,canonical-matrix,exe/brp7d8-db-configs/EMedium/configuration_AI_DLow_EMedium_nz2050co2_brp7d8cal.xml,exe/ai-data-center/configurations/database-archive/efficiency-medium/ai-data-center_demand-low_efficiency-medium_net-zero-2050.xml,32348b32e74df873c1cefb6316f05a2475976f5764ffe5040977c8fd3d17857c,cd3b93e87faa9fcfe0cc6be0f37f86de8bb11237d584e27d4951010af8fd4bd0,"descriptive filename, scenario name, and tree-relative paths"
configuration,canonical-matrix,exe/brp7d8-db-configs/EMedium/configuration_AI_DLow_EMedium_ref_brp7d8cal.xml,exe/ai-data-center/configurations/database-archive/efficiency-medium/ai-data-center_demand-low_efficiency-medium_reference.xml,4ef473db88aaf014fbeccb114f661336d3ae34ad415d46c266c74452ab90e048,708363fb47082a4d451982a4394770b435ea6150b0ce89205750b29130e36947,"descriptive filename, scenario name, and tree-relative paths"
configuration,canonical-matrix,exe/brp7d8-db-configs/EMedium/configuration_AI_DMedium_EMedium_nz2050co2_brp7d8cal.xml,exe/ai-data-center/configurations/database-archive/efficiency-medium/ai-data-center_demand-medium_efficiency-medium_net-zero-2050.xml,f2c0a1e451528ebd88f1de46b7fedfbaf33cfac74c40c868245542ed961e8f16,d2bfedf06171a930dc6070226d9a88f161d21d31577a59ff5e9dfceeeff39709,"descriptive filename, scenario name, and tree-relative paths"
configuration,canonical-matrix,exe/brp7d8-db-configs/EMedium/configuration_AI_DMedium_EMedium_ref_brp7d8cal.xml,exe/ai-data-center/configurations/database-archive/efficiency-medium/ai-data-center_demand-medium_efficiency-medium_reference.xml,6d1e9732881111daa3de2cef9ff7e1e339396f184f96be7ad9c01690d88f7460,e9fb22de3262d80e755ddf1f17cd5ebc3e10d61871804a246f4d61435910776c,"descriptive filename, scenario name, and tree-relative paths"
configuration,canonical-matrix,exe/brp7d8-exe-configs/configuration_AI_DConstant_EHigh_nz2050co2_brp7d8cal.xml,exe/ai-data-center/configurations/scenarios/ai-data-center_demand-constant_efficiency-high_net-zero-2050.xml,288fdbb39abd55002873c079497f0f6645baba479e64349d7a1338300963f906,192cd1d3d743e3d5e1282feca1d6d099936be2bf97df52669be5ec381e41d68d,"descriptive filename, scenario name, and tree-relative paths"
configuration,canonical-matrix,exe/brp7d8-exe-configs/configuration_AI_DConstant_EHigh_ref_brp7d8cal.xml,exe/ai-data-center/configurations/scenarios/ai-data-center_demand-constant_efficiency-high_reference.xml,0c4780df2aa5a9f33366aaa0aca0d8ea423adf8896840c35b85bc283e6c6b98e,c658cd525c8583f9dd99e8ba5e130fdbab2e31856a7be35b85c1655cf1f07369,"descriptive filename, scenario name, and tree-relative paths"
configuration,canonical-matrix,exe/brp7d8-exe-configs/configuration_AI_DConstant_ELow_nz2050co2_brp7d8cal.xml,exe/ai-data-center/configurations/scenarios/ai-data-center_demand-constant_efficiency-low_net-zero-2050.xml,2eeff3b2e7ba4d74b74666f078003e5af59f10f200a5632f77133ce69d912790,747201c297882eed55518df8d3164b86477085d1459210850ac59e51d0064d6b,"descriptive filename, scenario name, and tree-relative paths"
configuration,canonical-matrix,exe/brp7d8-exe-configs/configuration_AI_DConstant_ELow_ref_brp7d8cal.xml,exe/ai-data-center/configurations/scenarios/ai-data-center_demand-constant_efficiency-low_reference.xml,6925a34f29904154c1fa1b0dc90a2d623372330cc28b1971b39aa75798270f5d,f159f7133232da101dec066c32c6d28cd2e430e663b9bc43def046eb120c0927,"descriptive filename, scenario name, and tree-relative paths"
configuration,canonical-matrix,exe/brp7d8-exe-configs/configuration_AI_DConstant_EMedium_nz2050co2_brp7d8cal.xml,exe/ai-data-center/configurations/scenarios/ai-data-center_demand-constant_efficiency-medium_net-zero-2050.xml,0fbc2431f2aba68cef66c7cb6867aeec99b0bee602eb0ef976bbe016a8237017,648a37673d8a635e3fa901418b144c4abaf6b2458fbcc46f90ef9a1c8cf3c50d,"descriptive filename, scenario name, and tree-relative paths"
configuration,canonical-matrix,exe/brp7d8-exe-configs/configuration_AI_DConstant_EMedium_ref_brp7d8cal.xml,exe/ai-data-center/configurations/scenarios/ai-data-center_demand-constant_efficiency-medium_reference.xml,cbeabe94518f6b61eaf53d17125d7c9bb66750ad342908762cb5f9ded991423f,8691d2cf4862c75863d23f178214043904349bde007ef8bf61a578ca02bac80e,"descriptive filename, scenario name, and tree-relative paths"
configuration,canonical-matrix,exe/brp7d8-exe-configs/configuration_AI_DHigh_EHigh_nz2050co2_brp7d8cal.xml,exe/ai-data-center/configurations/scenarios/ai-data-center_demand-high_efficiency-high_net-zero-2050.xml,6df0b827ec5e3e34de6b36f1fbd6f078adae487bcfdce3d6805b8c96275ce08c,b7a251cdf3aa24b037924951df8436b72f775ddf25cc3eb581aa374a0fa6aa75,"descriptive filename, scenario name, and tree-relative paths"
configuration,canonical-matrix,exe/brp7d8-exe-configs/configuration_AI_DHigh_EHigh_ref_brp7d8cal.xml,exe/ai-data-center/configurations/scenarios/ai-data-center_demand-high_efficiency-high_reference.xml,5ac4feab571854e9a0b03174f12025c5a7d0be201115c9cd23638b96211ebb93,9e7dc6a9bc1fa8b6ff79a19f956a151d80f3a5996766caaa19551ec0e4620936,"descriptive filename, scenario name, and tree-relative paths"
configuration,canonical-matrix,exe/brp7d8-exe-configs/configuration_AI_DHigh_ELow_nz2050co2_brp7d8cal.xml,exe/ai-data-center/configurations/scenarios/ai-data-center_demand-high_efficiency-low_net-zero-2050.xml,7efb7e329560682038d11fb14fdd236aca3a83089a6b8e65c69195a5f65b03d4,f268fbcc3056e33a045dcaac269da1bb7470af27abd855c1f012ecc8a7028da3,"descriptive filename, scenario name, and tree-relative paths"
configuration,canonical-matrix,exe/brp7d8-exe-configs/configuration_AI_DHigh_ELow_ref_brp7d8cal.xml,exe/ai-data-center/configurations/scenarios/ai-data-center_demand-high_efficiency-low_reference.xml,5bf924bce983ab93cf7378e0b817c1abfdea1cd068b370d488e4a7a08602158a,128dcbb4f5751aadeb92a7ce41d60366978c335edc1b78506c350fb0d59600a8,"descriptive filename, scenario name, and tree-relative paths"
configuration,canonical-matrix,exe/brp7d8-exe-configs/configuration_AI_DHigh_EMedium_nz2050co2_brp7d8cal.xml,exe/ai-data-center/configurations/scenarios/ai-data-center_demand-high_efficiency-medium_net-zero-2050.xml,e1244575edd19b0dc333b95df9d59ce65d1e734bb9ac49e1024dd8c01ce047a7,159ba442f23f2ed2e584274e3902f67eb662bed1ee912cfbf4337d235fa98dd2,"descriptive filename, scenario name, and tree-relative paths"
configuration,canonical-matrix,exe/brp7d8-exe-configs/configuration_AI_DHigh_EMedium_ref_brp7d8cal.xml,exe/ai-data-center/configurations/scenarios/ai-data-center_demand-high_efficiency-medium_reference.xml,990e44bc3fd56791d142f2c65567cfaade25a79ebc693b215270c182936e317e,1d991029221691c15d52830d370cb3ab4abb8ae4f38841e9763423062fda2d57,"descriptive filename, scenario name, and tree-relative paths"
configuration,canonical-matrix,exe/brp7d8-exe-configs/configuration_AI_DLow_EHigh_nz2050co2_brp7d8cal.xml,exe/ai-data-center/configurations/scenarios/ai-data-center_demand-low_efficiency-high_net-zero-2050.xml,7fc97e63777e8a1722d8b8fd1bd7f0b4a5fdbbc3bea946da60e6873e4195ee0f,f2f333d45b0fba7d0c2428a869b91a59c5abce98362a9e084808c57fedebf4fb,"descriptive filename, scenario name, and tree-relative paths"
configuration,canonical-matrix,exe/brp7d8-exe-configs/configuration_AI_DLow_EHigh_ref_brp7d8cal.xml,exe/ai-data-center/configurations/scenarios/ai-data-center_demand-low_efficiency-high_reference.xml,3cbaef942a00ef93e94d6a254c7ebf7d6ca0e817a6ba246f185d67e4170802d7,4d46be872b03a201158b67c11b0680390a2592f7f3d18f1c1b617b17c4fd1e3f,"descriptive filename, scenario name, and tree-relative paths"
configuration,canonical-matrix,exe/brp7d8-exe-configs/configuration_AI_DLow_ELow_nz2050co2_brp7d8cal.xml,exe/ai-data-center/configurations/scenarios/ai-data-center_demand-low_efficiency-low_net-zero-2050.xml,a4d84f988e2a5ee2abd1166dc1d149888999ef5fdce15f3ba7564748dea33208,b82e0314ca25f0508f36751bf4e20492b9769e30d11c356a0a06fb93aef74495,"descriptive filename, scenario name, and tree-relative paths"
configuration,canonical-matrix,exe/brp7d8-exe-configs/configuration_AI_DLow_ELow_ref_brp7d8cal.xml,exe/ai-data-center/configurations/scenarios/ai-data-center_demand-low_efficiency-low_reference.xml,7ae8c6e4f8304cf4d9af7ebcb3f8cf769320d4ceb6e1d892b1b82f2079c3a227,c6b71ea75822d1a6728ee292840e0933d54b566a694295e1306da33f73e3d69b,"descriptive filename, scenario name, and tree-relative paths"
configuration,canonical-matrix,exe/brp7d8-exe-configs/configuration_AI_DLow_EMedium_nz2050co2_brp7d8cal.xml,exe/ai-data-center/configurations/scenarios/ai-data-center_demand-low_efficiency-medium_net-zero-2050.xml,dcf1f504f973cf05b22e8ca380be684997acbfacea5b981507e097526acef483,f7fda8860c5bc721708201b0ca3d0f00ec1b9406311ef41fbcb93737d59beedc,"descriptive filename, scenario name, and tree-relative paths"
configuration,canonical-matrix,exe/brp7d8-exe-configs/configuration_AI_DLow_EMedium_ref_brp7d8cal.xml,exe/ai-data-center/configurations/scenarios/ai-data-center_demand-low_efficiency-medium_reference.xml,1d3db3b5475ef2fa65cadef0cc08d9a3a7a1b33779d266a83c242e18a71ccd87,ede347f46dd4d18b143f4c13075db0698d96d951f2970c0041ff2377112a70d5,"descriptive filename, scenario name, and tree-relative paths"
configuration,canonical-matrix,exe/brp7d8-exe-configs/configuration_AI_DMedium_EHigh_nz2050co2_brp7d8cal.xml,exe/ai-data-center/configurations/scenarios/ai-data-center_demand-medium_efficiency-high_net-zero-2050.xml,09434347bb2890bdee264cf243ada73cf6a6855209e11b14fa20eb32fa6e3870,a7cefb15af1768bcc5588405c724136bb77ab5bef4529cd7be425311b7b8f663,"descriptive filename, scenario name, and tree-relative paths"
configuration,canonical-matrix,exe/brp7d8-exe-configs/configuration_AI_DMedium_EHigh_ref_brp7d8cal.xml,exe/ai-data-center/configurations/scenarios/ai-data-center_demand-medium_efficiency-high_reference.xml,a92a4c24d9d9e7428f587afe6a3b47fe4bc03b5d3aeea46fd405c1e078bcf140,632dd05954b0d5da7f433746998f201367d5832a80878bff25b24c4603ac5f88,"descriptive filename, scenario name, and tree-relative paths"
configuration,canonical-matrix,exe/brp7d8-exe-configs/configuration_AI_DMedium_ELow_nz2050co2_brp7d8cal.xml,exe/ai-data-center/configurations/scenarios/ai-data-center_demand-medium_efficiency-low_net-zero-2050.xml,49b635f3f0c6513ffdac51979d4c6ff7ce2c6ce2f40cd6b4d286c5a4e8c09814,6da8a4b608200dbc9d2babced6fd4ff066b99ddf1a5b677232287c8e0a54f4f5,"descriptive filename, scenario name, and tree-relative paths"
configuration,canonical-matrix,exe/brp7d8-exe-configs/configuration_AI_DMedium_ELow_ref_brp7d8cal.xml,exe/ai-data-center/configurations/scenarios/ai-data-center_demand-medium_efficiency-low_reference.xml,978b78b52a6d46b1cb561a497d2358497f9669783b9a4ac9b8f0b24a04c702a1,94a156f685fda804c498c2163f6d6d7e9b2fa0bdca87b4a2ebf033d9dad397a8,"descriptive filename, scenario name, and tree-relative paths"
configuration,canonical-matrix,exe/brp7d8-exe-configs/configuration_AI_DMedium_EMedium_nz2050co2_brp7d8cal.xml,exe/ai-data-center/configurations/scenarios/ai-data-center_demand-medium_efficiency-medium_net-zero-2050.xml,95b1955533047bea30d3c38717a4c3e9393384257bb23b05fc5a4fce25ca877e,44fe06def56b7aabf090748be90a4092f3fbbfa3895f495c19886d646be05aa8,"descriptive filename, scenario name, and tree-relative paths"
configuration,canonical-matrix,exe/brp7d8-exe-configs/configuration_AI_DMedium_EMedium_ref_brp7d8cal.xml,exe/ai-data-center/configurations/scenarios/ai-data-center_demand-medium_efficiency-medium_reference.xml,0b9d6ed6972057c3d3289d88b3056a7418041fc0976023fd3c90d8d9279b8287,588cc3a21a00d9fc02ee0579cce374ab8d9c2e8566cf763076ae8f346357b0cd,"descriptive filename, scenario name, and tree-relative paths"
database-runner,authoring-source,scripts/run_db_archive_4groups.sh,exe/ai-data-center/run-database-archive.sh,29fc446e6b297599870faf74b0c8378c9d6c8d8aaf0627008556cf7eada13a9a,d157b607de1e6f22cfa6fb4e5d7dcbabcac1407d2cc9ea15d10d9fd20501a4ae,"portable paths, descriptive groups, safe recoverable replacement"
gcam-v9.1-base,public-v9.1-base,exe/XMLDBDriver.jar,exe/XMLDBDriver.jar,347cecdb744289a61ce44838a047f846bdc2c54d47cdf8cb013802e1738af2a7,347cecdb744289a61ce44838a047f846bdc2c54d47cdf8cb013802e1738af2a7,existing unmodified runtime asset
gcam-v9.1-base,public-v9.1-base,exe/XMLDBDriver.properties,exe/XMLDBDriver.properties,2f0b54cfe227734426379526fe6755c858b00c35a5c718f8cab608738797fb4c,2f0b54cfe227734426379526fe6755c858b00c35a5c718f8cab608738797fb4c,existing unmodified runtime asset
gcam-v9.1-base,public-v9.1-base,exe/log_conf.xml,exe/log_conf.xml,6942b580938bd0c4359a333ba40cbc2ab3206fc036f5b7ab323ae40664941f87,6942b580938bd0c4359a333ba40cbc2ab3206fc036f5b7ab323ae40664941f87,existing unmodified runtime asset
gcam-v9.1-base,public-v9.1-base,input/gcamdata/xml/dac_ssp2_adv5.xml,input/gcamdata/xml/dac_ssp2_adv5.xml,8129fa9de5f1756f013906abe2b3d88964da87bb54d2537059530abaa52ad113,8129fa9de5f1756f013906abe2b3d88964da87bb54d2537059530abaa52ad113,existing unmodified runtime asset
gcam-v9.1-base,public-v9.1-base,input/policy/forcing_target_4p5.xml,input/policy/forcing_target_4p5.xml,5baa4a83c3d74591fce610c858eaece9f4f39adb6f931cfd806b285663412275,5baa4a83c3d74591fce610c858eaece9f4f39adb6f931cfd806b285663412275,existing unmodified runtime asset
policy,canonical-matrix,input/policy/ai-datacenter/nz2050_co2.xml,input/policy/ai-data-center/carbon-policy-net-zero-2050.xml,46e70365226bf60b221ab5fc5593d86ebf6b63db5173d0700892ae64557a1cf8,46e70365226bf60b221ab5fc5593d86ebf6b63db5173d0700892ae64557a1cf8,byte-identical descriptive rename
policy,canonical-matrix,input/policy/ai-datacenter/ref_co2_2025peg.xml,input/policy/ai-data-center/carbon-policy-reference.xml,90ebe05465a7eea80ab4d01a1cb411cc568c6b9b569c81e6f43500fbd7d02cd1,90ebe05465a7eea80ab4d01a1cb411cc568c6b9b569c81e6f43500fbd7d02cd1,byte-identical descriptive rename
policy,canonical-matrix,input/policy/ai-datacenter/ai_demand_Constant.xml,input/policy/ai-data-center/demand-constant.xml,047b67e3c9fd2307abd10c39360d62cc79d2152ff0d96ef9925cba8c2a6429b5,047b67e3c9fd2307abd10c39360d62cc79d2152ff0d96ef9925cba8c2a6429b5,byte-identical descriptive rename
policy,canonical-matrix,input/policy/ai-datacenter/ai_demand_High.xml,input/policy/ai-data-center/demand-high.xml,2b08e8e1d003c19860f80301442e2de5b77bc4a96e997d48d62ac60c967123b3,2b08e8e1d003c19860f80301442e2de5b77bc4a96e997d48d62ac60c967123b3,byte-identical descriptive rename
policy,canonical-matrix,input/policy/ai-datacenter/ai_demand_Low.xml,input/policy/ai-data-center/demand-low.xml,b738bf97250d8ad8504892ee54426ca7a92488cb9293f08a81916ac24056b8d7,b738bf97250d8ad8504892ee54426ca7a92488cb9293f08a81916ac24056b8d7,byte-identical descriptive rename
policy,canonical-matrix,input/policy/ai-datacenter/ai_demand_Medium.xml,input/policy/ai-data-center/demand-medium.xml,33d449b454e4bd752ec7ee23bb52fa5dafcb7e2e1268226b5db51a5c3eb1e32f,33d449b454e4bd752ec7ee23bb52fa5dafcb7e2e1268226b5db51a5c3eb1e32f,byte-identical descriptive rename
policy,canonical-matrix,input/policy/ai-datacenter/ai_efficiency_High.xml,input/policy/ai-data-center/efficiency-high.xml,35b467ce3423ce0b1bfb7049cbda1fc4ab204e37b8eceef659fb05a999d6c40c,35b467ce3423ce0b1bfb7049cbda1fc4ab204e37b8eceef659fb05a999d6c40c,byte-identical descriptive rename
policy,canonical-matrix,input/policy/ai-datacenter/ai_efficiency_Low.xml,input/policy/ai-data-center/efficiency-low.xml,af4908bf943c956703c20542ef71d3ca5b3bc81f68a34b20422f8b86b57e93f6,af4908bf943c956703c20542ef71d3ca5b3bc81f68a34b20422f8b86b57e93f6,byte-identical descriptive rename
policy,canonical-matrix,input/policy/ai-datacenter/ai_efficiency_Medium.xml,input/policy/ai-data-center/efficiency-medium.xml,c7a218d2009ee1dd3aebc634cfc0b2d2d373e9169dacbc5c1a8773e0040235ed,c7a218d2009ee1dd3aebc634cfc0b2d2d373e9169dacbc5c1a8773e0040235ed,byte-identical descriptive rename
policy,canonical-matrix,input/policy/ai-datacenter/ai_trade_open.xml,input/policy/ai-data-center/trade-open.xml,983971d5cec7290ef002bd0bbe7dabcaad9475a2878698125b79c20ed9473d73,983971d5cec7290ef002bd0bbe7dabcaad9475a2878698125b79c20ed9473d73,byte-identical descriptive rename
solver,canonical-matrix,input/solution/cal_broyden_diag10k_waterfix_kaist.xml,input/solution/cal_broyden_kaist.xml,4ff58fc647c365724fdd41e64ad8c1801e33bbdcce43a956680e34d923fce06e,4ff58fc647c365724fdd41e64ad8c1801e33bbdcce43a956680e34d923fce06e,byte-identical descriptive rename
solver-lineage,canonical-matrix,input/solution/cal_broyden_diag10k_waterfix_kaist.NOTE.md,input/solution/cal_broyden_kaist.NOTE.md,98dbebf38ee256d28a347bbeceb7579246baa64cfa6bf39181ac2a24cc29a55b,451013c6ae71908dd115c9020253b98753bcb1c1079b7709c02fc0d5609f35f4,public filename and status header added; historical lineage preserved
warm-restart,canonical-matrix,exe/restart/brp7d8-warm/restart.0,exe/restart/ai-data-center-warm-start/restart.0,7c6bed29c51e05c06cd10a901326118c9a3f620b227fd6c963da6caea9b62423,7c6bed29c51e05c06cd10a901326118c9a3f620b227fd6c963da6caea9b62423,byte-identical descriptive directory rename
warm-restart,canonical-matrix,exe/restart/brp7d8-warm/restart.1,exe/restart/ai-data-center-warm-start/restart.1,38eef62b97f725f241d35e12caf7e6161aaf2aaa220d0b31162d5e2cf8ac2222,38eef62b97f725f241d35e12caf7e6161aaf2aaa220d0b31162d5e2cf8ac2222,byte-identical descriptive directory rename
warm-restart,canonical-matrix,exe/restart/brp7d8-warm/restart.2,exe/restart/ai-data-center-warm-start/restart.2,83b0c19f54e3328b1c589fb41187c72303b683290de062a86209c677120b943c,83b0c19f54e3328b1c589fb41187c72303b683290de062a86209c677120b943c,byte-identical descriptive directory rename
warm-restart,canonical-matrix,exe/restart/brp7d8-warm/restart.3,exe/restart/ai-data-center-warm-start/restart.3,829af9e6d10b837427c46d1f9a9ee4011d192d77acbc7c9d1932ddc8b9239d66,829af9e6d10b837427c46d1f9a9ee4011d192d77acbc7c9d1932ddc8b9239d66,byte-identical descriptive directory rename
warm-restart,canonical-matrix,exe/restart/brp7d8-warm/restart.4,exe/restart/ai-data-center-warm-start/restart.4,a9c7d0a32c652b2a6686db467fcc517d93b5b2b927f073ca24ed4dce5633070b,a9c7d0a32c652b2a6686db467fcc517d93b5b2b927f073ca24ed4dce5633070b,byte-identical descriptive directory rename
warm-restart,canonical-matrix,exe/restart/brp7d8-warm/restart.5,exe/restart/ai-data-center-warm-start/restart.5,474884fe601ea23919e0eb9e1fd5157eeb05113fc8a2cbfcdfe00f3ace466a3e,474884fe601ea23919e0eb9e1fd5157eeb05113fc8a2cbfcdfe00f3ace466a3e,byte-identical descriptive directory rename
warm-restart,canonical-matrix,exe/restart/brp7d8-warm/restart.6,exe/restart/ai-data-center-warm-start/restart.6,0cbbe2194cdf6e14d69fd6f24d1f474fdc48d7a09ee875779d5d7ff7e1e01382,0cbbe2194cdf6e14d69fd6f24d1f474fdc48d7a09ee875779d5d7ff7e1e01382,byte-identical descriptive directory rename
